Rk,Name,S,C,F,Yrs,From,To,ASG,W,L,W-L%,ERA,G,GS,GF,CG,SHO,SV,IP,H,R,ER,HR,BB,IBB,SO,HBP,BK,WP,BF,ERA+
1,David Aardsma,-,-,-,1,2013,2013,0,2,2,.500,4.31,43,0,7,0,0,0,39.2,39,20,19,7,19,6,36,4,1,1,178,83
2,Don Aase,-,-,-,1,1989,1989,0,1,5,.167,3.94,49,0,22,0,0,2,59.1,56,27,26,5,26,3,34,1,1,0,261,83
3,Juan Acevedo,-,-,-,1,1997,1997,0,3,1,.750,3.59,25,2,4,0,0,0,47.2,52,24,19,6,22,2,33,4,1,0,215,115
4,Manny Acosta,-,-,F,3,2010,2012,0,8,6,.571,4.37,130,0,34,0,0,6,134.0,128,72,65,17,58,2,134,5,0,5,577,87
5,Ty Adcock,-,-,F,2,2024,2025,0,0,0,,9.82,6,0,2,0,0,0,7.1,9,8,8,5,4,0,8,0,0,0,35,45
6,Jon Adkins,-,-,-,1,2007,2007,0,0,0,,0.00,1,0,0,0,0,0,1.0,0,0,0,0,0,0,0,0,0,0,3,
7,Rick Aguilera,S,-,-,5,1985,1989,0,37,27,.578,3.58,114,59,24,5,0,7,473.0,475,211,188,40,137,10,351,15,9,23,2001,99
8,Jack Aker,-,-,F,1,1974,1974,0,2,1,.667,3.48,24,0,16,0,0,2,41.1,33,18,16,4,14,1,18,2,0,1,173,104
9,Neil Allen,S,-,-,5,1979,1983,0,25,40,.385,3.54,223,9,160,1,1,69,381.2,373,166,150,26,179,40,285,1,1,17,1649,102
10,Edwin Almonte,S,C,F,1,2003,2003,0,0,0,,11.12,12,0,3,0,0,0,11.1,21,15,14,3,5,1,7,0,0,1,57,39
11,Albert Almora,-,-,-,1,2021,2021,0,0,0,,27.00,1,0,1,0,0,0,1.0,1,3,3,1,1,0,0,1,0,0,6,20
12,Aaron Altherr,-,-,F,1,2019,2019,0,0,0,,,0,0,0,0,0,0,0.0,0,0,0,0,0,0,0,0,0,0,0,
13,Dario Ãlvarez,S,-,-,2,2014,2015,0,1,0,1.000,12.60,10,0,0,0,0,0,5.0,9,7,7,3,1,0,3,2,1,0,27,34
14,Eddy Alvarez,-,-,F,1,2024,2024,0,0,0,,0.00,1,0,1,0,0,0,1.0,1,0,0,0,0,0,1,1,0,0,5,
15,R.J. Alvarez,-,-,F,1,2022,2022,0,0,1,.000,11.57,1,0,0,0,0,0,2.1,4,3,3,2,3,0,2,0,0,0,13,39
16,Craig Anderson,-,-,F,3,1962,1964,0,3,20,.130,5.56,57,17,21,2,0,4,153.2,188,132,95,18,69,2,73,5,0,9,729,73
17,Jason Anderson,-,-,-,1,2003,2003,0,0,0,,5.06,6,0,2,0,0,0,10.2,10,6,6,2,5,1,7,1,0,0,47,86
18,Rick Anderson,S,-,-,1,1986,1986,0,2,1,.667,2.72,15,5,4,0,0,1,49.2,45,17,15,3,11,3,21,0,1,1,201,133
19,Bob Apodaca,S,C,F,5,1973,1977,0,16,25,.390,2.86,184,11,108,1,0,26,361.1,312,138,115,22,131,41,197,6,4,7,1505,123
20,Kevin Appier,-,-,-,1,2001,2001,0,11,10,.524,3.57,33,33,0,1,1,0,206.2,181,89,82,22,64,4,172,15,0,12,856,116
21,Tony Armas,-,-,F,1,2008,2008,0,1,0,1.000,7.56,3,1,1,0,0,0,8.1,11,7,7,2,1,0,6,0,0,1,37,58
22,Gerry Arrigo,-,-,-,1,1966,1966,0,3,3,.500,3.74,17,5,5,0,0,0,43.1,47,20,18,5,16,2,28,0,0,1,194,98
23,Pedro Astacio,-,-,-,2,2002,2003,0,15,13,.536,5.20,38,38,0,3,1,0,228.1,239,136,132,40,81,6,172,19,2,5,1002,78
24,Scott Atchison,-,-,-,1,2013,2013,0,3,3,.500,4.37,50,0,10,0,0,0,45.1,45,27,22,4,12,0,28,0,0,5,194,82
25,Luis AvilÃ¡n,-,-,-,1,2019,2019,0,4,0,1.000,5.06,45,0,8,0,0,0,32.0,33,18,18,5,14,0,30,3,0,2,141,82
26,Luis Ayala,-,-,-,1,2008,2008,0,1,2,.333,5.50,19,0,13,0,0,9,18.0,23,12,11,3,2,0,14,0,0,0,78,78
27,Manny Aybar,-,-,F,1,2005,2005,0,0,0,,6.04,22,0,4,0,0,0,25.1,31,17,17,4,7,1,27,1,0,0,114,69
28,Mike Bacsik,-,-,-,2,2002,2003,0,4,4,.500,5.77,16,12,2,1,0,0,73.1,91,50,47,13,27,3,42,4,0,0,332,71
29,James Baldwin,-,-,-,1,2004,2004,0,0,2,.000,15.00,2,2,0,0,0,0,6.0,13,10,10,3,5,1,1,1,0,0,36,30
30,Rick Baldwin,S,C,F,3,1975,1977,0,4,7,.364,3.60,105,0,46,0,0,7,182.2,173,77,73,10,75,14,86,11,3,7,781,99
31,Anthony Banda,-,-,-,1,2021,2021,0,1,0,1.000,7.36,5,0,3,0,0,0,7.1,14,8,6,2,1,0,7,0,0,1,37,57
32,Brian Bannister,S,-,-,1,2006,2006,0,2,1,.667,4.26,8,6,1,0,0,0,38.0,34,18,18,4,22,2,19,2,0,2,171,103
33,Jacob Barnes,-,-,-,1,2021,2021,0,1,1,.500,6.27,19,0,6,0,0,2,18.2,19,13,13,6,5,0,18,0,0,0,79,65
34,Tyler Bashlor,S,-,-,2,2018,2019,0,0,6,.000,5.33,48,0,13,0,0,0,54.0,47,33,32,12,29,2,45,3,0,1,238,73
35,Chris Bassitt,-,-,-,1,2022,2022,0,15,9,.625,3.42,30,30,0,0,0,0,181.2,159,71,69,19,49,0,167,13,1,5,745,113
36,Antonio Bastardo,-,-,-,1,2016,2016,0,0,0,,4.74,41,0,11,0,0,0,43.2,41,24,23,8,21,2,46,3,2,1,195,85
37,Miguel Batista,-,-,-,2,2011,2012,0,3,3,.500,3.96,39,9,7,1,1,0,77.1,75,37,34,5,45,1,49,3,0,2,345,96
38,Buddy Baumann,-,-,F,1,2018,2018,0,0,1,.000,24.00,3,0,1,0,0,0,3.0,7,8,8,1,5,2,4,0,0,0,21,18
39,Ed Bauta,-,-,F,2,1963,1964,0,0,2,.000,5.28,17,0,4,0,0,1,29.0,39,17,17,1,12,1,16,0,0,0,133,68
40,Gerson Bautista,S,-,-,1,2018,2018,0,0,1,.000,12.46,5,0,5,0,0,0,4.1,8,6,6,2,5,0,3,0,0,1,25,33
41,Larry Bearnarth,S,-,-,4,1963,1966,0,13,21,.382,4.00,171,7,83,0,0,8,319.2,340,173,142,30,133,18,122,12,0,13,1411,88
42,Pedro Beato,S,-,-,2,2011,2012,0,2,1,.667,4.67,67,0,9,0,0,0,71.1,64,46,37,6,29,3,44,4,0,2,303,80
43,Blaine Beatty,S,C,F,2,1989,1991,0,0,0,,2.30,7,1,1,0,0,0,15.2,14,4,4,1,6,1,10,0,0,1,67,161
44,Chris Beck,-,-,F,1,2018,2018,0,0,0,,5.23,6,0,1,0,0,0,10.1,10,6,6,3,9,0,5,0,0,0,46,74
45,Derek Bell,-,-,-,1,2000,2000,0,0,0,,36.00,1,0,1,0,0,0,1.0,3,5,4,0,3,0,0,0,0,0,10,17
46,Heath Bell,S,-,-,3,2004,2006,0,1,5,.167,4.92,81,0,20,0,0,0,108.0,129,64,59,14,30,5,105,1,1,1,466,87
47,Rigo BeltrÃ¡n,-,-,-,2,1998,1999,0,1,1,.500,3.46,28,0,10,0,0,0,39.0,36,18,15,6,16,2,40,0,0,6,167,129
48,Armando BenÃ­tez,-,-,-,5,1999,2003,1,18,14,.563,2.70,333,0,266,0,0,160,347.0,225,111,104,39,168,13,456,4,1,11,1420,159
49,Dennis Bennett,-,-,-,1,1967,1967,0,1,1,.500,5.13,8,6,1,0,0,0,26.1,37,15,15,4,7,1,14,1,0,1,121,67
50,Kris Benson,-,-,-,2,2004,2005,0,14,12,.538,4.23,39,39,0,1,1,0,242.1,236,123,114,32,66,8,146,8,0,7,1027,98
51,Juan Berenguer,S,-,-,3,1978,1980,0,1,4,.200,4.75,16,8,5,0,0,0,53.0,54,34,28,4,33,2,40,2,2,0,237,77
52,Bruce Berenyi,-,-,F,3,1984,1986,0,12,8,.600,4.28,36,29,2,0,0,0,168.1,155,94,80,11,85,2,121,3,0,14,728,84
53,Dwight Bernard,S,-,-,2,1978,1979,0,1,7,.125,4.50,62,2,16,0,0,0,92.0,113,51,46,6,53,7,46,0,0,3,421,80
54,Dellin Betances,-,-,F,2,2020,2021,0,0,1,.000,7.82,16,0,2,0,0,0,12.2,12,11,11,0,13,0,12,3,0,2,64,57
55,Jim Bethke,S,C,F,1,1965,1965,0,2,0,1.000,4.28,25,0,12,0,0,0,40.0,41,24,19,3,22,2,19,6,0,3,184,83
56,Phil Bickford,-,-,-,1,2023,2023,0,3,2,.600,4.62,25,0,6,0,0,1,25.1,21,14,13,3,13,1,28,4,0,1,114,91
57,Mike Birkbeck,-,-,F,2,1992,1995,0,0,2,.000,3.12,5,5,0,0,0,0,34.2,34,12,12,5,3,1,16,0,1,4,137,128
58,Vic Black,-,-,F,2,2013,2014,0,5,3,.625,2.83,56,0,13,0,0,1,47.2,37,17,15,3,23,0,44,2,0,4,203,125
59,Paul Blackburn,-,-,-,2,2024,2025,0,1,5,.167,6.00,12,9,2,0,0,1,48.0,62,35,32,7,15,0,39,3,0,1,218,68
60,Willie Blair,-,-,-,1,1998,1998,0,1,1,.500,3.14,11,2,2,0,0,0,28.2,23,10,10,4,10,0,21,1,0,1,116,135
61,Jerry Blevins,-,-,-,4,2015,2018,0,14,4,.778,3.38,219,1,21,0,0,4,138.2,115,54,52,14,61,6,166,10,0,4,598,118
62,Brian Bohanon,-,-,-,2,1997,1998,0,8,8,.500,3.57,44,18,4,0,0,0,148.2,142,70,59,13,55,4,105,10,1,4,642,116
63,Dan Boitano,-,-,-,1,1981,1981,0,2,1,.667,5.51,15,0,4,0,0,0,16.1,21,10,10,2,5,0,8,2,0,0,76,65
64,Mark Bomback,-,-,-,1,1980,1980,0,10,8,.556,4.09,36,25,2,2,1,0,162.2,191,80,74,17,49,3,68,4,0,4,710,87
65,Toby Borland,-,-,-,1,1997,1997,0,0,1,.000,6.08,13,0,5,0,0,1,13.1,11,9,9,1,14,0,7,1,0,3,65,69
66,Akeem Bostick,S,C,F,1,2021,2021,0,0,0,,0.00,1,0,1,0,0,0,1.0,0,0,0,0,1,0,0,0,0,0,4,
67,Ricky Bottalico,-,-,-,1,2004,2004,0,3,2,.600,3.38,60,0,8,0,0,0,69.1,54,30,26,3,34,7,61,4,0,3,296,127
68,Blaine Boyer,-,-,-,1,2011,2011,0,0,2,.000,10.80,5,0,3,0,0,1,6.2,13,8,8,2,1,0,1,1,0,0,33,36
69,Brad Brach,-,-,-,2,2019,2020,0,2,1,.667,4.67,30,0,5,0,0,0,27.0,23,14,14,3,17,1,29,1,0,2,119,92
70,Chad Bradford,-,-,-,1,2006,2006,0,4,2,.667,2.90,70,0,15,0,0,2,62.0,59,22,20,1,13,4,45,0,0,0,252,151
71,Chasen Bradford,S,-,-,1,2017,2017,0,2,0,1.000,3.74,28,0,7,0,0,0,33.2,30,17,14,3,13,1,27,0,0,1,143,111
72,Huascar BrazobÃ¡n,-,-,F,3,2024,2026,0,7,3,.700,3.54,87,4,9,0,0,2,101.2,81,44,40,8,46,1,88,6,0,6,423,115
73,Jeff Brigham,-,-,-,1,2023,2023,0,1,3,.250,5.26,37,0,10,0,0,0,37.2,26,23,22,9,18,0,42,5,0,0,160,80
74,Lance Broadway,-,-,F,1,2009,2009,0,0,0,,6.75,8,0,3,0,0,0,14.2,19,11,11,0,6,0,9,0,0,0,67,62
75,Terry Bross,S,-,-,1,1991,1991,0,0,0,,1.80,8,0,4,0,0,0,10.0,7,2,2,1,3,0,5,0,0,0,39,211
76,Kevin Brown,S,-,-,1,1990,1990,0,0,0,,0.00,2,0,1,0,0,0,2.0,2,0,0,0,1,0,0,0,0,0,9,
77,Mike Bruhert,S,C,F,1,1978,1978,0,4,11,.267,4.78,27,22,1,1,1,0,133.2,171,83,71,6,34,5,56,1,2,10,585,73
78,Taylor Buchholz,-,-,F,1,2011,2011,0,1,1,.500,3.12,23,0,8,0,0,0,26.0,22,10,9,5,7,0,26,1,0,0,107,120
79,Ambiorix Burgos,-,-,F,1,2007,2007,0,1,0,1.000,3.42,17,0,5,0,0,0,23.2,17,10,9,3,9,0,19,2,0,2,98,128
80,Greg Burke,-,-,F,1,2013,2013,0,0,3,.000,5.68,32,0,12,0,0,0,31.2,43,27,20,3,15,2,28,0,0,0,156,63
81,Tim Burke,-,-,-,2,1991,1992,0,4,5,.444,3.41,50,0,24,0,0,1,71.1,81,37,27,6,15,2,41,0,0,4,307,108
82,Ray Burris,-,-,-,2,1979,1980,0,7,15,.318,3.94,33,33,0,1,0,0,192.0,202,96,84,22,60,8,93,5,2,6,819,90
83,JosÃ© ButtÃ³,S,-,-,4,2022,2025,0,11,9,.550,3.45,74,15,12,0,0,4,167.0,126,66,64,13,85,1,163,6,2,5,694,118
84,Paul Byrd,S,-,-,2,1995,1996,0,3,2,.600,3.54,55,0,20,0,0,0,68.2,66,28,27,8,28,5,57,1,2,4,295,115
85,Tim Byrdak,-,-,F,3,2011,2013,0,4,3,.571,4.32,136,0,16,0,0,1,73.0,57,40,35,7,39,9,84,2,0,1,314,87
86,GÃ©nesis Cabrera,-,-,-,1,2025,2025,0,0,0,,3.52,6,0,1,0,0,0,7.2,7,3,3,1,3,0,7,0,0,0,32,121
87,Jamie Callahan,S,C,F,1,2017,2017,0,0,0,,4.05,9,0,5,0,0,0,6.2,7,4,3,0,1,0,5,0,0,0,30,107
88,Eric Cammack,S,C,F,1,2000,2000,0,0,0,,6.30,8,0,2,0,0,0,10.0,7,7,7,1,10,1,9,1,0,0,48,73
89,John Candelaria,-,-,-,1,1987,1987,0,2,0,1.000,5.84,3,3,0,0,0,0,12.1,17,8,8,1,3,0,10,0,1,0,57,67
90,Griffin Canning,-,-,-,1,2025,2025,0,7,3,.700,3.77,16,16,0,0,0,0,76.1,70,35,32,8,35,0,70,0,0,3,328,108
91,Buzz Capra,S,-,-,3,1971,1973,0,5,10,.333,4.49,41,6,13,0,0,4,100.1,88,51,50,11,60,11,86,2,0,4,439,78
92,Chris Capuano,-,-,-,1,2011,2011,0,11,12,.478,4.55,33,31,0,1,1,0,186.0,198,99,94,27,53,5,168,5,0,4,802,81
93,Don Cardwell,-,-,-,4,1967,1970,0,20,34,.370,3.31,101,63,8,12,4,1,475.2,444,206,175,35,142,30,221,25,2,21,1992,102
94,Buddy Carlyle,-,-,F,2,2014,2015,0,2,1,.667,2.31,38,0,5,0,0,1,39.0,31,11,10,2,6,0,34,0,0,1,151,156
95,Carlos Carrasco,-,-,-,3,2021,2023,0,19,20,.487,5.21,61,61,0,0,0,0,295.2,335,181,171,47,97,2,268,14,1,9,1299,77
96,D.J. Carrasco,-,-,F,2,2011,2012,0,1,3,.250,6.11,46,1,18,0,0,0,53.0,73,38,36,9,16,4,30,7,1,4,243,61
97,Alex Carrillo,S,C,F,1,2025,2025,0,0,1,.000,13.50,3,0,0,0,0,0,4.2,6,7,7,4,2,0,4,1,0,1,22,32
98,Robert Carson,S,C,F,2,2012,2013,0,0,0,,6.82,31,0,5,0,0,0,33.0,34,26,25,11,11,0,13,3,0,0,145,55
99,JosÃ© Castillo,-,-,-,1,2025,2025,0,1,1,.500,2.35,16,0,2,0,0,0,15.1,21,6,4,0,6,0,19,4,0,1,74,177
100,Juan Castillo,S,C,F,1,1994,1994,0,0,0,,6.94,2,2,0,0,0,0,11.2,17,9,9,2,5,0,1,0,0,0,54,62
101,Tony Castillo,-,-,-,1,1991,1991,0,1,0,1.000,1.90,10,3,1,0,0,0,23.2,27,7,5,1,6,1,10,0,0,0,104,195
102,Miguel Castro,-,-,-,2,2020,2021,0,4,6,.400,3.52,79,2,8,0,0,0,79.1,59,35,31,8,51,0,91,6,0,8,348,116
103,Jaime Cerda,S,-,-,2,2002,2003,0,1,1,.500,4.34,59,0,16,0,0,0,58.0,54,28,28,4,34,1,40,1,2,3,257,96
104,Dean Chance,-,-,-,1,1970,1970,0,0,1,.000,13.50,3,0,2,0,0,1,2.0,3,3,3,0,2,1,0,0,0,1,10,35
105,Bruce Chen,-,-,-,2,2001,2002,0,3,2,.600,4.62,12,11,0,0,0,0,60.1,57,37,31,10,28,0,47,0,0,3,256,91
106,Galen Cisco,-,-,-,4,1962,1965,0,18,43,.295,4.04,126,61,28,8,3,0,479.0,481,243,215,44,180,9,230,17,4,19,2061,88
107,Mark Clark,-,-,-,2,1996,1997,0,22,18,.550,3.76,55,54,0,3,0,0,354.1,375,172,148,38,95,10,214,6,2,10,1491,108
108,Alex Claudio,-,-,-,1,2022,2022,0,0,0,,0.00,3,0,2,0,0,0,3.1,1,0,0,0,2,0,2,0,0,0,13,
109,Sam Clay,-,-,F,1,2022,2022,0,0,0,,0.00,1,0,1,0,0,0,1.0,1,1,0,0,1,0,2,0,0,0,6,
110,Tyler Clippard,-,-,-,1,2015,2015,0,4,1,.800,3.06,32,0,6,0,0,2,32.1,24,13,11,5,10,1,26,2,0,5,134,125
111,Brad Clontz,-,-,-,1,1998,1998,0,0,0,,9.00,2,0,0,0,0,0,3.0,4,3,3,1,2,0,2,0,0,0,14,52
112,Willie Collazo,S,C,F,1,2007,2007,0,0,0,,6.35,6,0,1,0,0,0,5.2,7,4,4,0,5,1,0,0,0,0,27,72
113,Bartolo ColÃ³n,-,-,-,3,2014,2016,1,44,34,.564,3.90,98,95,1,1,1,0,588.2,635,272,255,71,86,10,415,12,0,2,2452,96
114,David Cone,-,-,F,7,1987,2003,2,81,51,.614,3.13,187,169,4,34,15,1,1209.1,1011,472,421,91,431,23,1172,28,24,62,5008,112
115,P.J. Conlon,S,C,F,1,2018,2018,0,0,0,,8.22,3,2,1,0,0,0,7.2,15,7,7,2,2,0,5,0,0,0,38,48
116,Bill Connors,-,-,F,2,1967,1968,0,0,1,.000,7.67,15,1,6,0,0,0,27.0,29,23,23,3,12,1,21,2,0,1,126,43
117,Dennis Cook,-,-,-,4,1998,2001,0,25,13,.658,3.86,255,0,56,0,0,6,226.0,201,101,97,30,95,10,234,10,4,7,965,113
118,Sam Coonrod,-,-,F,1,2023,2023,0,0,0,,9.45,10,0,2,0,0,0,6.2,5,7,7,0,8,0,6,2,0,1,34,47
119,Scott Copeland,-,-,F,1,2018,2018,0,0,0,,0.00,1,0,0,0,0,0,1.1,1,0,0,0,0,0,2,0,0,0,5,
120,Mark Corey,S,-,-,2,2001,2002,0,0,3,.000,6.17,14,0,5,0,0,0,11.2,15,10,8,2,11,2,12,1,0,1,62,69
121,Mardie Cornejo,S,C,F,1,1978,1978,0,4,2,.667,2.45,25,0,10,0,0,3,36.2,37,12,10,1,14,5,17,3,1,1,155,143
122,Reid Cornelius,-,-,-,1,1995,1995,0,3,7,.300,5.15,10,10,0,0,0,0,57.2,64,36,33,8,25,5,35,1,1,1,258,79
123,Roger Craig,-,-,-,2,1962,1963,0,15,46,.246,4.14,88,64,17,27,0,5,469.1,510,250,216,63,128,5,226,13,8,11,2012,92
124,Jerry Cram,-,-,-,2,1974,1975,0,0,2,.000,2.30,14,0,4,0,0,0,27.1,29,7,7,3,6,3,10,0,0,1,107,160
125,Joe Crawford,S,C,F,1,1997,1997,0,4,3,.571,3.30,19,2,9,0,0,0,46.1,36,18,17,7,13,1,25,0,1,0,182,125
126,John Curtiss,-,-,-,1,2023,2023,0,0,0,,4.58,15,0,4,0,0,0,19.2,17,10,10,3,8,0,16,0,0,0,81,93
127,Jeff D'Amico,-,-,-,1,2002,2002,0,6,10,.375,4.94,29,22,1,1,1,0,145.2,152,84,80,20,37,8,101,3,0,0,621,81
128,Vic Darensbourg,-,-,-,1,2004,2004,0,0,1,.000,7.94,5,0,2,0,0,0,5.2,10,5,5,1,2,0,1,0,0,0,28,57
129,Ron Darling,S,-,-,9,1983,1991,1,99,70,.586,3.50,257,241,4,25,10,0,1620.0,1473,716,630,155,614,23,1148,36,21,63,6807,101
130,Ray Daviault,S,C,F,1,1962,1962,0,1,5,.167,6.22,36,3,14,0,0,0,81.0,92,64,56,14,48,1,51,4,1,6,377,67
131,Kane Davis,-,-,-,1,2002,2002,0,1,1,.500,7.07,16,0,5,0,0,0,14.0,15,11,11,2,11,2,24,1,0,1,70,58
132,Jacob deGrom,S,-,-,9,2014,2022,4,82,57,.590,2.52,209,209,0,4,2,0,1326.0,1021,407,372,117,303,13,1607,21,0,26,5217,155
133,Mike DeJean,-,-,-,2,2004,2005,0,3,1,.750,4.21,45,0,20,0,0,0,47.0,57,24,22,3,23,4,41,3,0,4,222,101
134,Bill Denehy,S,-,-,1,1967,1967,0,1,7,.125,4.70,15,8,1,0,0,0,53.2,51,38,28,8,29,2,35,0,0,6,240,73
135,Elmer Dessens,-,-,F,2,2009,2010,0,4,2,.667,2.71,81,0,14,0,0,0,79.2,65,26,24,9,26,7,30,5,0,1,324,148
136,Chris Devenski,-,-,-,1,2025,2025,0,0,0,,2.16,13,1,7,0,0,0,16.2,10,4,4,1,5,0,14,2,0,0,65,192
137,Mark Dewey,-,-,-,1,1992,1992,0,1,0,1.000,4.32,20,0,6,0,0,0,33.1,37,16,16,2,10,2,24,0,1,0,143,82
138,Carlos Diaz,-,-,-,2,1982,1983,0,3,1,.750,1.97,58,0,23,0,0,2,87.0,68,24,19,1,39,14,64,1,0,2,360,187
139,Edwin DÃ­az,-,-,-,6,2019,2025,2,24,22,.522,2.93,332,0,255,0,0,144,328.1,226,115,107,34,118,5,538,28,1,21,1330,138
140,Yennsy DÃ­az,-,-,F,1,2021,2021,0,0,2,.000,5.40,20,0,10,0,0,0,25.0,25,16,15,5,12,1,21,1,0,0,112,75
141,R.A. Dickey,-,-,-,3,2010,2012,1,39,28,.582,2.95,94,91,1,8,4,0,616.2,559,225,202,55,150,7,468,22,2,24,2516,129
142,Jake Diekman,-,-,F,1,2024,2024,0,2,3,.400,5.63,43,0,10,0,0,4,32.0,23,24,20,7,24,0,40,4,0,2,145,71
143,Jack DiLauro,S,-,-,1,1969,1969,0,1,4,.200,2.40,23,4,8,0,0,1,63.2,50,19,17,4,18,5,27,0,0,2,256,152
144,Steve Dillon,S,C,F,2,1963,1964,0,0,0,,9.64,3,0,2,0,0,0,4.2,7,5,5,1,2,0,3,0,0,0,22,43
145,Jerry Dipoto,-,-,-,2,1995,1996,0,11,8,.579,3.98,115,0,47,0,0,2,156.0,168,85,69,7,74,16,101,7,4,6,694,101
146,Octavio Dotel,S,-,-,1,1999,1999,0,8,3,.727,5.38,19,14,1,0,0,0,85.1,69,52,51,12,49,1,85,6,2,3,368,83
147,Mike Draper,S,C,F,1,1993,1993,0,1,1,.500,4.25,29,1,11,0,0,0,42.1,53,22,20,2,14,3,16,0,1,0,184,95
148,Brandon Drury,-,-,-,1,2021,2021,0,0,0,,27.00,1,0,0,0,0,0,0.2,3,2,2,1,1,0,0,1,0,0,7,23
149,Tom Edens,S,-,-,1,1987,1987,0,0,0,,6.75,2,2,0,0,0,0,8.0,15,6,6,2,4,0,4,0,0,2,42,59
150,Josh Edgin,S,C,F,5,2012,2017,0,4,4,.500,3.49,177,0,29,0,0,2,129.0,113,54,50,13,52,4,116,9,1,4,544,110
151,Carl Edwards Jr.,-,-,F,1,2026,2026,0,0,0,,1.50,2,0,1,0,0,0,6.0,3,1,1,1,4,0,11,0,0,0,25,282
152,Jack Egbert,-,-,F,1,2012,2012,0,0,0,,0.00,1,0,1,0,0,0,0.2,0,0,0,0,0,0,0,0,0,0,2,
153,Jerad Eickhoff,-,-,-,1,2021,2021,0,0,2,.000,8.69,5,4,0,0,0,0,19.2,30,24,19,9,10,2,13,3,0,0,104,47
154,Dave Eilers,-,-,-,2,1965,1966,0,2,2,.500,4.44,34,0,20,0,0,2,52.2,59,29,26,9,11,5,23,3,0,0,227,82
155,Dock Ellis,-,-,-,1,1979,1979,0,3,7,.300,6.04,17,14,3,1,0,0,85.0,110,60,57,9,34,10,41,1,0,2,391,60
156,Scott Erickson,-,-,-,1,2004,2004,0,0,1,.000,7.88,2,2,0,0,0,0,8.0,15,9,7,1,4,0,3,0,0,1,42,57
157,Nino Espinosa,S,-,-,5,1974,1978,0,25,33,.431,4.15,80,67,2,13,2,0,457.1,479,231,211,45,144,18,215,8,7,3,1945,86
158,Shawn Estes,-,-,-,1,2002,2002,0,4,9,.308,4.55,23,23,0,1,1,0,132.2,133,70,67,12,66,9,92,5,1,2,580,88
159,Chuck Estrada,-,-,F,1,1967,1967,0,1,2,.333,9.41,9,2,0,0,0,0,22.0,28,24,23,5,17,1,15,1,0,4,106,37
160,Dana Eveland,-,-,-,1,2014,2014,0,1,1,.500,2.63,30,0,10,0,0,1,27.1,24,8,8,2,6,1,27,4,0,0,115,133
161,Pete Falcone,-,-,-,4,1979,1982,0,26,37,.413,3.91,145,86,17,8,2,4,607.2,600,294,264,67,241,27,379,4,3,31,2596,92
162,Jeurys Familia,S,-,-,10,2012,2021,1,28,23,.549,3.27,469,1,233,0,0,124,467.1,399,188,170,33,217,25,487,16,0,29,1993,119
163,Kyle Farnsworth,-,-,-,1,2014,2014,0,0,3,.000,3.18,19,0,10,0,0,3,17.0,18,6,6,2,6,1,10,0,0,0,71,111
164,Pedro Feliciano,S,C,F,9,2002,2013,0,22,21,.512,3.33,484,0,80,0,0,4,383.2,363,157,142,30,165,28,350,22,3,12,1667,126
165,Sid Fernandez,-,-,-,10,1984,1993,2,98,78,.557,3.14,255,250,1,23,9,1,1584.2,1167,601,553,138,596,27,1449,36,18,20,6456,113
166,Matt Festa,-,-,-,1,2024,2024,0,0,1,.000,36.00,1,0,1,0,0,0,1.0,4,5,4,0,1,1,1,0,0,0,8,15
167,Nelson Figueroa,-,-,-,2,2008,2009,0,6,11,.353,4.28,32,16,4,1,1,0,115.2,128,59,55,11,50,5,95,11,0,1,531,97
168,Tom Filer,-,-,F,1,1992,1992,0,0,1,.000,2.05,9,1,1,0,0,0,22.0,18,8,5,2,6,2,9,0,0,1,88,175
169,Jack Fisher,-,-,-,4,1964,1967,0,38,73,.342,4.12,160,133,14,35,4,1,931.2,988,474,427,92,242,18,475,26,2,28,3957,85
170,Nate Fisher,S,C,F,1,2022,2022,0,0,0,,0.00,1,0,0,0,0,0,3.0,1,0,0,0,2,0,1,0,0,0,11,
171,Chris Flexen,S,-,-,3,2017,2019,0,3,11,.214,8.07,27,11,7,0,0,0,68.0,91,69,61,14,54,3,49,3,0,2,343,51
172,Don Florence,S,C,F,1,1995,1995,0,3,0,1.000,1.50,14,0,3,0,0,0,12.0,17,3,2,0,6,0,5,0,0,0,57,276
173,Rich Folkers,S,-,-,1,1970,1970,0,0,2,.000,6.44,16,1,5,0,0,2,29.1,36,21,21,6,25,4,15,0,1,2,145,63
174,Wilmer Font,-,-,-,1,2019,2019,0,1,2,.333,4.94,15,3,1,0,0,0,31.0,29,17,17,8,13,1,24,2,1,1,134,84
175,BartolomÃ© Fortunato,-,-,F,2,2004,2006,0,2,0,1.000,7.06,17,0,5,0,0,1,21.2,21,17,17,4,15,0,20,1,0,1,100,63
176,Larry Foss,-,-,F,1,1962,1962,0,0,1,.000,4.63,5,1,2,0,0,0,11.2,17,6,6,2,7,0,3,1,0,0,57,92
177,Casey Fossum,-,-,F,1,2009,2009,0,0,0,,2.25,3,0,0,0,0,0,4.0,4,1,1,0,4,0,3,0,0,0,19,198
178,Frank Francisco,-,-,-,2,2012,2013,0,2,3,.400,5.36,56,0,41,0,0,24,48.2,51,30,29,5,24,1,53,1,1,2,223,71
179,John Franco,-,-,-,14,1990,2004,1,48,56,.462,3.10,695,0,484,0,0,276,702.2,683,279,242,54,276,35,592,16,3,39,3039,132
180,Matt Franco,-,-,-,1,1999,1999,0,0,0,,13.50,2,0,2,0,0,0,1.1,3,2,2,1,3,0,2,0,0,0,10,41
181,Todd Frazier,-,-,-,1,2020,2020,0,0,0,,0.00,1,0,1,0,0,0,1.0,0,0,0,0,0,0,1,0,0,0,3,
182,Bob Friend,-,-,F,1,1966,1966,0,5,8,.385,4.40,22,12,8,2,1,1,86.0,101,52,42,11,16,6,30,1,1,0,373,83
183,Danny Frisella,S,-,-,6,1967,1972,0,24,26,.480,3.08,158,16,92,0,0,24,353.0,317,141,121,30,137,26,296,3,1,20,1495,113
184,Mike Fyhrie,S,-,-,1,1996,1996,0,0,1,.000,15.43,2,0,0,0,0,0,2.1,4,4,4,0,3,0,0,0,0,0,14,30
185,Brent Gaff,S,C,F,3,1982,1984,0,4,5,.444,4.06,58,5,21,0,0,1,126.1,136,70,57,7,47,12,60,2,2,8,553,89
186,Drew Gagnon,S,C,F,2,2018,2019,0,5,2,.714,7.32,23,1,8,0,0,0,35.2,49,37,29,13,12,0,25,4,0,4,173,55
187,Luis Garcia,-,-,-,1,2026,2026,0,0,0,,7.11,6,0,3,0,0,0,6.1,11,6,5,0,2,0,4,0,0,0,32,59
188,Rico Garcia,-,-,-,1,2025,2025,0,0,0,,2.13,8,0,4,0,0,0,12.2,7,3,3,1,2,0,16,0,0,1,47,196
189,Rob Gardner,S,-,-,2,1965,1966,0,4,10,.286,4.79,46,21,5,3,0,1,161.2,170,95,86,19,71,4,93,3,0,8,712,76
190,Wes Gardner,S,-,-,2,1984,1985,0,1,3,.250,6.03,30,0,20,0,0,1,37.1,52,33,25,1,16,4,30,0,0,2,177,60
191,Reed Garrett,-,-,F,3,2023,2025,0,12,11,.522,4.10,120,1,23,0,0,7,129.2,112,66,59,14,62,3,163,4,0,6,556,99
192,Justin Garza,-,-,F,1,2025,2025,0,0,0,,5.40,5,0,4,0,0,0,6.2,8,4,4,1,1,0,3,0,0,1,28,79
193,Dillon Gee,S,-,-,6,2010,2015,0,40,37,.519,4.03,114,110,1,3,0,0,679.1,674,325,304,79,216,9,489,33,3,13,2899,90
194,Gary Gentry,S,-,-,4,1969,1972,0,41,42,.494,3.56,131,121,4,22,8,1,789.1,667,348,312,79,324,25,563,26,1,23,3322,102
195,Joey Gerber,-,-,F,1,2026,2026,0,0,0,,0.00,1,0,1,0,0,0,2.0,2,0,0,0,1,0,5,0,0,0,9,
196,Gonzalez Germen,S,-,-,2,2013,2014,0,1,2,.333,4.31,54,0,17,0,0,1,64.2,62,31,31,8,30,2,64,1,0,3,282,82
197,Bob Gibson,-,-,F,1,1987,1987,0,0,0,,0.00,1,0,0,0,0,0,1.0,0,0,0,0,1,0,2,0,0,0,4,
198,Paul Gibson,-,-,-,2,1992,1993,0,1,2,.333,5.22,51,1,13,0,0,0,70.2,84,43,41,8,27,0,61,0,0,2,315,69
199,Sean Gilmartin,S,-,-,3,2015,2017,0,3,3,.500,4.14,66,2,17,0,0,0,78.1,79,36,36,8,26,6,69,3,0,2,333,95
200,Matt Ginter,-,-,-,1,2004,2004,0,1,3,.250,4.54,15,14,0,0,0,0,69.1,82,41,35,8,20,5,38,5,0,1,313,94
201,Mychal Givens,-,-,-,1,2022,2022,0,1,1,.500,4.79,19,1,7,0,0,0,20.2,24,12,11,3,6,1,20,2,0,1,88,82
202,Tom Glavine HOF,-,-,-,5,2003,2007,2,61,56,.521,3.97,164,164,0,4,3,0,1005.1,1057,472,443,98,323,31,516,15,0,6,4293,107
203,Ed Glynn,-,-,-,2,1979,1980,0,4,7,.364,3.53,84,0,31,0,0,8,112.1,106,48,44,8,63,14,64,2,0,2,497,102
204,Erik Goeddel,S,-,-,4,2014,2017,0,3,4,.429,3.96,110,0,38,0,0,0,104.2,88,48,46,14,38,4,109,3,0,10,437,101
205,Dicky Gonzalez,S,-,-,1,2001,2001,0,3,2,.600,4.88,16,7,2,0,0,0,59.0,72,33,32,4,17,3,31,1,0,5,261,85
206,Geremi GonzÃ¡lez,-,-,-,1,2006,2006,0,0,0,,7.71,3,3,0,0,0,0,14.0,21,12,12,4,6,1,8,0,0,0,67,58
207,Dwight Gooden,S,-,-,11,1984,1994,4,157,85,.649,3.10,305,303,1,67,23,1,2169.2,1898,823,747,123,651,31,1875,41,32,47,8898,116
208,Tom Gorman,-,-,-,4,1982,1985,0,11,9,.550,4.10,98,7,33,0,0,0,169.0,160,82,77,17,46,9,109,1,3,6,697,88
209,Trevor Gott,-,-,F,1,2023,2023,0,0,2,.000,4.34,34,0,9,0,0,1,29.0,30,15,14,2,11,2,30,2,0,0,132,97
210,Mauro Gozzo,-,-,F,2,1993,1994,0,3,6,.333,4.45,33,8,10,0,0,1,83.0,97,53,41,6,33,11,39,1,0,5,380,94
211,Bill Graham,-,-,F,1,1967,1967,0,1,2,.333,2.63,5,3,0,1,0,0,27.1,20,10,8,3,11,0,14,0,0,0,111,130
212,Danny Graves,-,-,-,1,2005,2005,0,0,0,,5.75,20,0,11,0,0,0,20.1,29,17,13,5,8,1,12,3,0,0,98,73
213,Dallas Green,-,-,-,1,1966,1966,0,0,0,,5.40,4,0,2,0,0,0,5.0,6,3,3,2,2,1,1,0,0,0,21,73
214,Sean Green,-,-,-,2,2009,2010,0,1,4,.200,4.44,90,0,19,0,0,1,79.0,71,43,39,6,44,8,66,13,1,8,364,92
215,Kenny Greer,S,-,-,1,1993,1993,0,1,0,1.000,0.00,1,0,1,0,0,0,1.0,0,0,0,0,0,0,2,0,0,0,3,
216,Jeremy Griffiths,S,-,-,1,2003,2003,0,1,4,.200,7.02,9,6,1,0,0,0,41.0,57,34,32,5,19,2,25,2,0,1,199,60
217,Joe Grzenda,-,-,-,1,1967,1967,0,0,0,,2.16,11,0,3,0,0,0,16.2,14,4,4,0,8,4,9,1,0,1,70,161
218,Robert Gsellman,S,-,-,6,2016,2021,0,20,16,.556,4.59,176,34,35,1,0,14,350.2,369,206,179,40,123,13,280,23,0,12,1546,88
219,Lee Guetterman,-,-,-,1,1992,1992,0,3,4,.429,5.82,43,0,15,0,0,2,43.1,57,28,28,5,14,5,15,1,0,3,196,61
220,Luis Guillorme,S,-,-,3,2020,2023,0,0,0,,6.00,3,0,3,0,0,0,3.0,4,2,2,0,1,0,0,0,0,0,14,95
221,Eric Gunderson,-,-,-,2,1994,1995,0,1,1,.500,2.70,44,0,10,0,0,0,33.1,30,10,10,2,12,3,23,1,0,1,134,154
222,Mark Guthrie,-,-,-,1,2002,2002,0,5,3,.625,2.44,68,0,13,0,0,1,48.0,35,13,13,3,19,3,44,1,0,4,190,165
223,Justin Hagenman,S,C,F,1,2025,2025,0,0,1,.000,4.56,9,1,6,0,0,1,23.2,24,13,12,4,2,0,23,1,0,0,99,90
224,Tom Hall,-,-,-,2,1975,1976,0,5,4,.556,4.82,39,4,17,0,0,1,65.1,63,42,35,10,36,5,50,3,0,2,297,72
225,Dom Hamel,S,C,F,1,2025,2025,0,0,0,,0.00,1,0,0,0,0,0,1.0,3,0,0,0,0,0,0,1,0,0,6,
226,Jack Hamilton,-,-,-,2,1966,1967,0,8,13,.381,3.90,74,14,38,3,1,14,180.0,162,104,78,15,104,9,115,6,0,21,797,93
227,Justin Hampson,-,-,F,1,2012,2012,0,0,0,,1.80,13,0,1,0,0,0,10.0,6,4,2,0,5,0,4,0,0,0,37,219
228,Mike Hampton,-,-,-,1,2000,2000,0,15,10,.600,3.14,33,33,0,3,1,0,217.2,194,89,76,10,99,5,151,8,0,10,929,142
229,Tim Hamulack,S,-,-,1,2005,2005,0,0,0,,23.14,6,0,2,0,0,0,2.1,7,6,6,3,1,1,2,0,0,0,14,21
230,Brad Hand,-,-,-,1,2021,2021,0,1,0,1.000,2.70,16,0,4,0,0,0,13.1,12,7,4,1,5,0,14,1,0,1,55,152
231,Eric Hanhold,S,-,-,1,2018,2018,0,0,0,,7.71,3,0,0,0,0,0,2.1,4,2,2,0,1,0,2,1,0,0,13,57
232,Aaron Harang,-,-,-,1,2013,2013,0,0,1,.000,3.52,4,4,0,0,0,0,23.0,20,10,9,5,12,0,26,1,0,1,100,103
233,Pete Harnisch,-,-,-,3,1995,1997,0,10,21,.323,4.33,55,54,0,2,1,0,330.1,341,182,159,48,96,10,208,11,4,8,1422,93
234,Greg Harris,S,-,-,1,1981,1981,0,3,5,.375,4.46,16,14,2,0,0,1,68.2,65,36,34,8,28,2,54,2,2,3,300,79
235,Lenny Harris,-,-,-,1,1998,1998,0,0,0,,,0,0,0,0,0,0,0.0,0,0,0,0,0,0,0,0,0,0,0,
236,Donnie Hart,-,-,F,1,2019,2019,0,0,0,,0.00,1,0,0,0,0,0,1.0,0,0,0,0,0,0,0,0,0,0,3,
237,Geoff Hartlieb,-,-,-,1,2021,2021,0,0,0,,14.54,3,0,1,0,0,0,4.1,7,7,7,0,6,0,5,1,0,1,27,30
238,Grant Hartwig,S,C,F,2,2023,2024,0,5,2,.714,5.14,32,0,8,0,0,0,42.0,40,29,24,4,19,1,34,8,0,2,189,82
239,Matt Harvey,S,-,-,6,2012,2018,1,34,37,.479,3.66,109,104,2,1,1,0,639.1,587,273,260,65,175,7,612,20,1,20,2646,104
240,Andy Hassler,-,-,-,1,1979,1979,0,4,5,.444,3.70,29,8,11,1,0,4,80.1,74,35,33,5,42,8,53,0,2,7,343,99
241,Tom Hausman,-,-,-,5,1978,1982,0,12,17,.414,3.66,125,24,38,1,0,3,322.0,320,150,131,30,67,12,131,10,3,7,1336,98
242,LaTroy Hawkins,-,-,-,1,2013,2013,0,3,2,.600,2.93,72,0,28,0,0,13,70.2,71,27,23,6,10,2,55,1,0,1,288,122
243,Jeremy Hefner,S,C,F,2,2012,2013,0,8,15,.348,4.65,50,36,6,0,0,0,224.1,242,130,116,29,55,5,161,7,0,8,964,79
244,Aaron Heilman,S,-,-,6,2003,2008,0,22,33,.400,4.24,305,25,85,1,1,9,450.1,413,231,212,46,185,17,395,26,1,15,1937,100
245,Ryan Helsley,-,-,-,1,2025,2025,0,0,3,.000,7.20,22,0,7,0,0,0,20.0,25,20,16,4,11,1,22,0,0,3,95,57
246,Heath Hembree,-,-,-,1,2021,2021,0,0,0,,3.45,15,0,5,0,0,1,15.2,13,6,6,2,5,1,15,0,0,1,64,119
247,Jim Henderson,-,-,F,1,2016,2016,0,2,2,.500,4.11,44,0,8,0,0,0,35.0,34,17,16,7,14,0,40,2,1,0,155,98
248,Bob Hendley,-,-,F,1,1967,1967,0,3,3,.500,3.44,15,13,2,2,0,0,70.2,65,35,27,11,28,4,36,1,0,1,304,99
249,Sean Henn,-,-,F,1,2013,2013,0,0,1,.000,3.38,4,0,2,0,0,0,2.2,3,1,1,1,3,0,1,0,0,0,13,122
250,Phil Hennigan,-,-,F,1,1973,1973,0,0,4,.000,6.23,30,0,17,0,0,3,43.1,50,30,30,6,16,6,22,1,0,3,195,59
251,Doug Henry,-,-,-,2,1995,1996,0,5,14,.263,3.87,109,0,53,0,0,13,142.0,130,71,61,14,61,12,120,2,2,12,616,104
252,Bill Hepler,S,C,F,1,1966,1966,0,3,3,.500,3.52,37,3,13,0,0,0,69.0,71,30,27,3,51,6,25,3,0,9,318,104
253,Ron Herbel,-,-,-,1,1970,1970,0,2,2,.500,1.38,12,0,7,0,0,1,13.0,14,3,2,1,2,1,8,0,0,0,54,298
254,FÃ©lix Heredia,-,-,F,1,2005,2005,0,0,0,,0.00,3,0,1,0,0,0,2.2,1,0,0,0,1,0,2,1,0,0,10,
255,Kevin Herget,-,-,-,1,2025,2025,0,0,0,,3.00,6,0,4,0,0,0,12.0,11,5,4,0,3,0,6,0,0,2,50,139
256,LivÃ¡n HernÃ¡ndez,-,-,-,1,2009,2009,0,7,8,.467,5.47,23,23,0,1,0,0,135.0,164,83,82,16,51,3,75,1,0,1,593,75
257,Manny HernÃ¡ndez,-,-,F,1,1989,1989,0,0,0,,0.00,1,0,0,0,0,0,1.0,0,0,0,0,0,0,1,0,0,0,3,
258,Orlando HernÃ¡ndez,-,-,F,2,2006,2007,0,18,12,.600,3.88,47,44,0,1,0,0,264.1,212,122,114,37,105,6,240,13,3,3,1103,112
259,Roberto HernÃ¡ndez,-,-,-,2,2005,2006,0,8,6,.571,2.79,89,0,25,0,0,4,90.1,72,28,28,7,36,5,76,2,0,6,374,150
260,Danny Herrera,-,-,F,1,2011,2011,0,0,1,.000,1.13,16,0,2,0,0,0,8.0,7,1,1,0,2,0,5,0,1,1,33,343
261,Orel Hershiser,-,-,-,1,1999,1999,0,13,12,.520,4.58,32,32,0,0,0,0,179.0,175,92,91,14,77,2,89,11,0,6,776,97
262,Trevor Hildenberger,-,-,F,1,2021,2021,0,0,0,,15.43,2,0,1,0,0,0,2.1,3,4,4,1,3,0,4,1,0,1,14,30
263,Rich Hill,-,-,-,1,2021,2021,0,1,4,.200,3.84,13,12,0,0,0,0,63.1,62,29,27,7,19,0,59,8,0,0,272,105
264,Dave Hillman,-,-,F,1,1962,1962,0,0,0,,6.32,13,1,4,0,0,1,15.2,21,12,11,5,8,0,8,1,0,0,76,67
265,Eric Hillman,S,C,F,3,1992,1994,0,4,14,.222,4.85,49,36,3,3,1,0,232.0,285,144,125,30,45,7,96,8,2,2,1010,81
266,Brett Hinchliffe,-,-,F,1,2001,2001,0,0,1,.000,36.00,1,1,0,0,0,0,2.0,9,8,8,2,1,0,2,1,0,0,17,14
267,Jerry Hinsley,S,C,F,2,1964,1967,0,0,2,.000,7.08,11,2,3,0,0,0,20.1,27,19,16,0,11,0,14,0,0,1,99,51
268,Colin Holderman,S,-,-,1,2022,2022,0,4,0,1.000,2.04,15,0,5,0,0,0,17.2,11,6,4,0,7,0,18,0,0,0,67,193
269,Scott Holman,S,C,F,3,1980,1983,0,3,8,.273,3.34,43,14,11,1,0,0,134.2,119,60,50,9,60,9,58,1,2,4,572,110
270,Clay Holmes,-,-,F,2,2025,2026,0,16,11,.593,3.15,41,39,0,0,0,0,214.0,183,84,75,17,82,0,166,14,2,8,900,128
271,Jay Hook,-,-,F,3,1962,1964,0,12,34,.261,5.22,81,56,15,16,0,1,376.0,415,251,218,54,131,6,207,17,0,17,1661,74
272,Adrian Houser,-,-,-,1,2024,2024,0,1,5,.167,5.84,23,7,9,0,0,1,69.1,74,48,45,8,32,0,45,4,0,2,309,68
273,John Hudek,-,-,-,1,1998,1998,0,1,4,.200,4.00,28,0,15,0,0,0,27.0,23,13,12,2,19,3,28,2,0,0,123,106
274,Jesse Hudson,S,C,F,1,1969,1969,0,0,0,,4.50,1,0,1,0,0,0,2.0,2,1,1,0,2,0,3,0,0,0,10,98
275,Jared Hughes,-,-,F,1,2020,2020,0,1,2,.333,4.84,18,0,4,0,0,0,22.1,23,17,12,3,14,2,21,5,0,0,109,89
276,Philip Humber,S,-,-,2,2006,2007,0,0,0,,6.00,5,1,3,0,0,0,9.0,9,6,6,1,3,0,4,0,0,0,39,78
277,Tommy Hunter,-,-,F,3,2021,2023,0,0,2,.000,4.00,36,1,13,0,0,0,54.0,53,28,24,10,14,0,48,3,0,2,233,102
278,Willard Hunter,-,-,F,2,1962,1964,0,4,9,.308,5.06,68,6,32,1,0,5,112.0,121,66,63,13,43,1,62,3,0,5,491,77
279,Jonathan Hurst,-,-,F,1,1994,1994,0,0,1,.000,12.60,7,0,5,0,0,0,10.0,15,14,14,5,5,0,6,0,0,1,50,34
280,Ryota Igarashi,S,-,-,2,2010,2011,0,5,2,.714,5.74,79,0,20,0,0,0,69.0,72,44,44,6,46,3,67,4,0,6,325,66
281,Jeff Innis,S,C,F,7,1987,1993,0,10,20,.333,3.05,288,1,126,0,0,5,360.0,337,141,122,22,121,27,192,15,3,10,1507,120
282,Kazuhisa Ishii,-,-,F,1,2005,2005,0,3,9,.250,5.14,19,16,0,0,0,0,91.0,87,59,52,13,49,3,53,3,0,2,399,80
283,Jason Isringhausen,S,-,-,5,1995,2011,0,21,24,.467,4.59,113,52,17,3,1,8,380.1,397,211,194,35,172,11,269,14,1,24,1675,88
284,Al Jackson,-,-,-,6,1962,1969,0,43,80,.350,4.26,184,138,15,41,10,6,980.2,1033,541,464,82,304,20,561,32,4,28,4231,85
285,Roy Lee Jackson,S,-,-,4,1977,1980,0,2,9,.182,4.80,40,14,4,1,0,1,123.2,135,70,66,9,46,5,87,6,1,7,537,76
286,Jason Jacome,S,-,-,2,1994,1995,0,4,7,.364,4.80,13,13,0,1,1,0,75.0,87,41,40,6,32,2,41,1,0,3,332,87
287,Travis Jankowski,-,-,F,1,2025,2025,0,0,0,,18.00,1,0,1,0,0,0,1.0,2,2,2,0,1,0,0,1,0,0,6,31
288,Tyler Jay,S,-,-,1,2024,2024,0,0,0,,7.71,3,0,2,0,0,0,4.2,7,5,4,0,3,0,3,0,0,1,24,55
289,Bob Johnson,S,-,-,1,1969,1969,0,0,0,,0.00,2,0,2,0,0,1,1.2,1,0,0,0,1,0,1,0,0,0,7,
290,Rob Johnson,-,-,-,1,2012,2012,0,0,0,,0.00,1,0,1,0,0,0,1.0,0,0,0,0,0,0,1,0,0,0,3,
291,Barry Jones,-,-,-,1,1992,1992,0,2,0,1.000,9.39,17,0,7,0,0,1,15.1,20,16,16,0,11,3,11,0,0,1,76,38
292,Bobby Jones,S,-,-,8,1993,2000,1,74,56,.569,4.13,193,190,0,10,4,0,1215.2,1255,628,558,137,353,32,714,33,8,13,5154,101
293,Bobby Jones,-,-,-,2,2000,2002,0,0,1,.000,4.66,23,1,5,0,0,0,38.2,38,22,20,5,25,3,31,4,0,0,180,93
294,Randy Jones,-,-,F,2,1981,1982,0,8,18,.308,4.69,41,32,4,2,1,0,167.0,195,116,87,19,89,4,58,5,0,3,777,77
295,Sherman Jones,-,-,F,1,1962,1962,0,0,4,.000,7.71,8,3,1,0,0,0,23.1,31,22,20,3,8,2,11,2,1,3,110,54
296,Ricardo Jordan,-,-,-,1,1997,1997,0,1,2,.333,5.33,22,0,4,0,0,0,27.0,31,17,16,1,15,2,19,2,0,0,123,78
297,Jorge Julio,-,-,-,1,2006,2006,0,1,2,.333,5.06,18,0,12,0,0,1,21.1,21,15,12,4,10,1,33,1,0,2,96,88
298,Ariel Jurado,-,-,F,1,2020,2020,0,0,0,,11.25,1,1,0,0,0,0,4.0,9,5,5,1,0,0,2,0,0,0,21,41
299,Jeff Kaiser,-,-,F,1,1993,1993,0,0,0,,11.57,6,0,2,0,0,0,4.2,6,6,6,1,3,0,5,0,0,0,21,37
300,Takashi Kashiwada,S,C,F,1,1997,1997,0,3,1,.750,4.31,35,0,11,0,0,0,31.1,35,15,15,4,18,0,19,3,0,4,145,96
301,Anthony Kay,-,-,-,1,2023,2023,0,0,0,,5.40,3,0,1,0,0,0,3.1,1,2,2,1,1,0,3,1,0,0,12,86
302,Franklyn Kilome,S,C,F,1,2020,2020,0,0,1,.000,11.12,4,0,2,0,0,1,11.1,14,14,14,5,9,0,13,1,0,1,58,40
303,Craig Kimbrel,-,-,F,1,2026,2026,0,0,2,.000,6.75,10,0,5,0,0,0,9.1,10,8,7,1,6,1,12,0,0,1,42,61
304,Brandon Knight,-,-,F,1,2008,2008,0,1,0,1.000,5.25,4,2,0,0,0,0,12.0,14,7,7,0,7,0,10,2,0,0,57,83
305,Kevin Kobel,-,-,F,3,1978,1980,0,12,18,.400,3.58,76,39,16,2,1,0,294.1,300,137,117,28,87,16,126,5,2,3,1239,100
306,Adam Kolarek,-,-,F,1,2023,2023,0,0,0,,0.00,4,0,0,0,0,0,4.2,1,0,0,0,1,0,5,1,0,0,17,
307,Satoru Komiyama,S,C,F,1,2002,2002,0,0,3,.000,5.61,25,0,13,0,0,0,43.1,53,29,27,7,12,4,33,3,0,1,194,72
308,Dae-Sung Koo,S,C,F,1,2005,2005,0,0,0,,3.91,33,0,4,0,0,0,23.0,22,12,10,2,13,1,23,2,0,0,106,107
309,Cal Koonce,-,-,-,4,1967,1970,0,15,12,.556,3.43,119,8,59,2,1,18,246.2,235,105,94,16,95,25,132,5,1,8,1034,99
310,Jerry Koosman,S,-,-,12,1967,1978,2,140,137,.505,3.09,376,346,14,108,26,5,2544.2,2281,994,875,187,820,92,1799,49,20,66,10517,113
311,Max Kranick,-,-,F,1,2025,2025,0,3,2,.600,3.65,24,0,6,0,0,0,37.0,34,15,15,5,5,0,25,0,0,0,148,112
312,Gary Kroll,-,-,-,2,1964,1965,0,6,7,.462,4.39,40,13,15,1,0,1,108.2,102,59,53,13,56,0,86,7,5,3,488,81
313,Eddie Kunz,S,C,F,1,2008,2008,0,0,0,,13.50,4,0,0,0,0,0,2.2,5,4,4,1,1,0,1,1,0,2,14,35
314,Clem Labine,-,-,F,1,1962,1962,0,0,0,,11.25,3,0,3,0,0,0,4.0,5,6,5,1,1,0,2,0,0,0,19,40
315,Aaron Laffey,-,-,-,1,2013,2013,0,0,0,,7.20,4,2,1,0,0,0,10.0,16,8,8,1,5,0,9,2,0,0,50,51
316,Jack Lamabe,-,-,-,1,1967,1967,0,0,3,.000,3.98,16,2,8,0,0,1,31.2,24,15,14,4,8,1,23,0,0,2,129,86
317,John Lannan,-,-,F,1,2014,2014,0,1,0,1.000,15.75,5,0,3,0,0,0,4.0,7,7,7,3,2,0,2,0,0,1,21,24
318,Frank Lary,-,-,-,2,1964,1965,0,3,6,.333,3.77,27,15,6,3,1,2,114.2,110,57,48,9,30,2,50,5,1,6,473,94
319,Bill Latham,S,-,-,1,1985,1985,0,1,3,.250,3.97,7,3,1,0,0,0,22.2,21,10,10,1,7,1,10,0,1,1,93,90
320,Brian Lawrence,-,-,F,1,2007,2007,0,1,2,.333,6.83,6,6,0,0,0,0,29.0,43,22,22,4,13,1,18,1,0,1,139,64
321,Terry Leach,S,-,-,7,1981,1989,0,24,9,.727,3.11,176,18,52,3,3,7,387.2,372,152,134,27,104,18,194,6,1,0,1608,115
322,Tim Leary,S,-,-,3,1981,1984,0,4,4,.500,3.80,23,10,3,1,0,0,66.1,76,38,28,2,23,3,41,2,4,3,297,96
323,Jack Leathersich,S,-,-,1,2015,2015,0,0,1,.000,2.31,17,0,6,0,0,0,11.2,12,3,3,0,7,0,14,1,0,0,52,170
324,Al Leiter,-,-,-,7,1998,2004,1,95,67,.586,3.42,213,213,0,10,7,0,1360.0,1222,574,517,118,546,38,1106,63,8,24,5774,124
325,Dominic Leone,-,-,-,1,2023,2023,0,1,3,.250,4.40,31,0,6,0,0,0,30.2,27,15,15,7,11,2,33,1,0,2,127,96
326,Cory Lidle,S,-,-,1,1997,1997,0,7,2,.778,3.53,54,2,20,0,0,2,81.2,86,38,32,7,20,4,54,3,0,2,345,116
327,JosÃ© Lima,-,-,F,1,2006,2006,0,0,4,.000,9.87,4,4,0,0,0,0,17.1,25,22,19,3,10,0,12,2,1,1,91,45
328,Doug Linton,-,-,-,1,1994,1994,0,6,2,.750,4.47,32,3,8,0,0,0,50.1,74,27,25,4,20,3,29,0,0,2,241,94
329,Graeme Lloyd,-,-,-,1,2003,2003,0,1,2,.333,3.31,36,0,12,0,0,0,35.1,39,16,13,2,7,2,17,0,0,1,149,128
330,Ron Locke,S,C,F,1,1964,1964,0,1,2,.333,3.48,25,3,13,0,0,0,41.1,46,23,16,3,22,0,17,1,0,2,188,103
331,Walker Lockett,-,-,-,2,2019,2020,0,2,1,.667,7.63,11,5,1,0,0,0,30.2,42,26,26,7,9,0,24,3,0,1,140,55
332,Skip Lockwood,-,-,-,5,1975,1979,0,24,36,.400,2.80,227,0,164,0,0,65,379.2,288,123,118,27,135,35,368,7,3,16,1529,126
333,Mickey Lolich,-,-,-,1,1976,1976,0,8,13,.381,3.22,31,30,1,5,2,0,192.2,184,83,69,14,52,1,120,0,2,11,797,101
334,Kevin Lomon,S,-,-,1,1995,1995,0,0,1,.000,6.75,6,0,1,0,0,0,9.1,17,8,7,0,5,1,6,0,0,0,47,62
335,Braden Looper,-,-,-,2,2004,2005,0,6,12,.333,3.22,131,0,114,0,0,57,142.2,151,59,51,12,38,6,87,8,0,2,617,131
336,Jorge LÃ³pez,-,-,-,1,2024,2024,0,1,2,.333,3.76,28,0,8,0,0,2,26.1,25,13,11,3,11,1,19,2,0,2,111,106
337,Yoan LÃ³pez,-,-,F,1,2022,2022,0,1,0,1.000,5.73,8,0,5,0,0,0,11.0,14,8,7,2,5,1,10,1,0,0,51,70
338,Aaron Loup,-,-,-,1,2021,2021,0,6,0,1.000,0.95,65,2,6,0,0,0,56.2,37,9,6,1,16,0,57,4,0,0,218,422
339,Richard Lovelady,-,-,-,2,2025,2026,0,1,1,.500,5.19,14,0,5,0,0,0,17.1,18,13,10,4,8,1,15,1,0,0,77,81
340,Joey Lucchesi,-,-,-,3,2021,2024,0,5,6,.455,3.78,22,19,1,0,0,0,95.1,86,43,40,9,36,0,80,4,1,3,398,109
341,Seth Lugo,S,-,-,7,2016,2022,0,32,24,.571,3.48,275,38,66,0,0,16,494.2,439,206,191,60,137,16,508,19,3,10,2047,115
342,Ed Lynch,S,-,-,7,1980,1986,0,38,40,.487,3.82,167,98,27,7,1,4,730.1,815,348,310,62,158,20,259,11,6,9,3096,94
343,Brandon Lyon,-,-,F,1,2013,2013,0,2,2,.500,4.98,37,0,7,0,0,0,34.1,43,20,19,3,13,3,23,0,0,1,153,72
344,Bob MacDonald,-,-,F,1,1996,1996,0,0,2,.000,4.26,20,0,6,0,0,0,19.0,16,10,9,2,9,0,12,0,0,1,79,96
345,Julio Machado,S,-,-,2,1989,1990,0,4,2,.667,3.18,37,0,23,0,0,0,45.1,41,17,16,4,20,4,41,2,0,3,196,117
346,Ken MacKenzie,-,-,-,2,1962,1963,0,8,5,.615,4.96,76,1,33,0,0,4,138.0,150,82,76,21,46,5,92,5,0,0,607,78
347,Mike Maddux,-,-,-,2,1993,1994,0,5,9,.357,4.16,85,0,43,0,0,7,119.0,112,59,55,10,40,11,89,4,1,6,506,98
348,Pat Mahomes,-,-,-,2,1999,2000,0,13,3,.813,4.74,92,5,24,0,0,0,157.2,140,89,83,22,103,9,127,4,0,7,704,94
349,John Maine,-,-,-,5,2006,2010,0,39,32,.549,4.17,97,96,1,2,2,0,542.0,473,271,251,70,238,9,467,17,0,23,2322,102
350,Sean Manaea,-,-,F,3,2024,2026,0,14,10,.583,4.25,55,44,7,0,0,0,264.2,225,130,125,37,85,0,283,19,0,7,1109,94
351,Jim Mann,S,-,-,1,2000,2000,0,0,0,,10.13,2,0,2,0,0,0,2.2,6,3,3,1,1,0,0,0,0,0,15,50
352,Barry Manuel,-,-,-,1,1997,1997,0,0,1,.000,5.26,19,0,6,0,0,0,25.2,35,18,15,6,13,1,21,1,1,0,123,79
353,JosÃ­as Manzanillo,-,-,-,4,1993,1999,0,4,4,.500,4.21,67,0,21,0,0,2,94.0,79,49,44,13,32,5,98,5,0,7,393,101
354,Shaun Marcum,-,-,-,1,2013,2013,0,1,10,.091,5.29,14,12,2,0,0,0,78.1,85,48,46,7,21,2,60,4,0,2,334,68
355,Mike Marshall,-,-,F,1,1981,1981,0,3,2,.600,2.61,20,0,9,0,0,0,31.0,26,10,9,2,8,1,8,0,0,2,127,136
356,Tom Martin,-,-,-,1,2001,2001,0,1,0,1.000,10.06,14,0,2,0,0,0,17.0,23,22,19,4,10,2,12,1,0,0,85,42
357,Pedro MartÃ­nez HOF,-,-,-,4,2005,2008,2,32,23,.582,3.88,79,79,0,4,1,0,486.2,427,222,210,57,137,9,464,22,2,9,2014,109
358,Pedro MartÃ­nez,-,-,-,1,1996,1996,0,0,0,,6.43,5,0,0,0,0,0,7.0,8,7,5,1,7,4,6,0,0,0,36,66
359,Roger Mason,-,-,F,1,1994,1994,0,2,4,.333,3.51,41,0,11,0,0,1,51.1,44,23,20,6,20,4,26,2,0,0,215,120
360,Jon Matlack,S,-,-,7,1971,1977,3,82,81,.503,3.03,203,199,2,65,26,0,1448.0,1312,557,488,92,419,57,1023,15,8,42,5953,115
361,Phil Maton,-,-,-,1,2024,2024,0,2,1,.667,2.51,31,0,6,0,0,1,28.2,18,8,8,1,6,0,30,4,0,0,113,159
362,Daisuke Matsuzaka,-,-,F,2,2013,2014,0,6,6,.500,4.06,41,16,5,0,0,1,122.0,94,59,55,10,66,5,111,11,0,6,525,86
363,Mike Matthews,-,-,F,1,2005,2005,0,1,0,1.000,10.80,6,0,0,0,0,0,5.0,9,6,6,0,4,1,2,0,0,2,28,41
364,Steven Matz,S,-,-,6,2015,2020,0,31,41,.431,4.35,112,107,1,1,1,0,579.2,585,301,280,96,180,13,552,26,1,9,2481,92
365,Trevor May,-,-,-,2,2021,2022,0,9,3,.750,4.00,94,0,25,0,0,5,87.2,82,43,39,14,33,4,113,0,0,7,377,100
366,Chris Mazza,S,-,-,1,2019,2019,0,1,1,.500,5.51,9,0,6,0,0,0,16.1,21,10,10,0,5,0,11,4,0,0,74,76
367,Jim McAndrew,S,-,-,6,1968,1973,0,36,49,.424,3.54,146,105,21,19,6,4,729.2,664,318,287,66,200,34,408,17,0,34,3009,101
368,Bob McClure,-,-,-,1,1988,1988,0,1,0,1.000,4.09,14,0,5,0,0,1,11.0,12,5,5,1,2,0,7,1,0,1,46,82
369,Roger McDowell,S,-,-,5,1985,1989,0,33,29,.532,3.13,280,2,189,0,0,84,468.1,424,184,163,22,154,27,228,11,8,21,1958,112
370,Chuck McElroy,-,-,-,1,1999,1999,0,0,0,,3.38,15,0,7,0,0,0,13.1,12,5,5,0,8,1,7,1,0,1,59,135
371,T.J. McFarland,-,-,-,1,2023,2023,0,0,1,.000,5.40,3,0,1,0,0,0,1.2,4,2,1,0,1,0,2,1,0,0,11,94
372,Kevin McGowan,S,C,F,1,2017,2017,0,0,0,,5.19,8,0,1,0,0,0,8.2,8,5,5,2,6,0,8,0,0,0,40,83
373,Tug McGraw,S,-,-,9,1965,1974,1,47,55,.461,3.17,361,36,228,5,1,86,792.2,685,316,279,64,350,67,618,13,2,44,3345,114
374,Collin McHugh,S,-,-,2,2012,2013,0,0,5,.000,8.26,11,5,3,0,0,0,28.1,39,29,26,7,11,2,20,2,0,0,133,47
375,Nolan McLean,S,C,F,2,2025,2026,0,6,3,.667,2.41,16,16,0,0,0,0,93.1,63,29,25,7,28,0,114,4,0,3,363,168
376,Greg McMichael,-,-,-,3,1997,1999,0,13,14,.481,3.54,144,0,45,0,0,8,160.0,157,75,63,19,64,16,143,5,1,14,690,118
377,Doc Medich,-,-,-,1,1977,1977,0,0,1,.000,3.86,1,1,0,0,0,0,7.0,6,3,3,0,1,0,3,0,0,0,25,102
378,Adonis Medina,-,-,F,1,2022,2022,0,1,0,1.000,6.08,14,0,6,0,0,1,23.2,30,18,16,2,6,0,17,4,1,0,110,64
379,Tylor Megill,S,C,F,5,2021,2025,0,26,26,.500,4.46,88,81,2,1,0,0,409.2,405,225,203,58,163,0,435,20,0,17,1788,91
380,Jenrry MejÃ­a,S,C,F,5,2010,2015,0,9,14,.391,3.68,113,18,59,0,0,28,183.1,196,81,75,16,76,11,162,7,0,14,813,99
381,Danny Mendick,-,-,-,1,2023,2023,0,0,0,,36.00,2,0,2,0,0,0,2.0,9,8,8,2,0,0,0,0,0,0,15,14
382,Butch Metzger,-,-,F,1,1978,1978,0,1,3,.250,6.51,25,0,11,0,0,0,37.1,48,28,27,4,22,7,21,1,1,0,180,54
383,Jason Middlebrook,-,-,F,2,2002,2003,0,1,0,1.000,5.87,8,3,2,0,0,0,23.0,26,15,15,1,11,0,17,0,1,1,103,71
384,Bob Miller,-,-,F,1,1962,1962,0,2,2,.500,7.08,17,0,12,0,0,0,20.1,24,16,16,2,8,0,8,1,0,1,88,59
385,Bob Miller,-,-,F,3,1962,1974,0,3,14,.176,4.41,92,21,37,1,0,3,222.2,235,137,109,22,101,15,127,7,1,14,1002,90
386,Dyar Miller,-,-,F,2,1980,1981,0,2,2,.500,2.58,54,0,20,0,0,1,80.1,86,29,23,3,26,5,50,1,2,2,344,138
387,Larry Miller,-,-,F,2,1965,1966,0,1,6,.143,5.35,32,6,8,0,0,0,65.2,75,39,39,9,29,0,43,1,0,2,297,67
388,Tyson Miller,-,-,-,1,2023,2023,0,1,0,1.000,0.00,1,0,0,0,0,0,2.0,0,0,0,0,2,0,0,0,0,0,8,
389,Tommy Milone,-,-,-,1,2017,2017,0,0,3,.000,8.56,11,5,1,0,0,0,27.1,36,28,26,9,12,3,22,0,0,0,128,49
390,Blas Minor,-,-,-,2,1995,1996,0,4,2,.667,3.61,52,0,14,0,0,1,72.1,67,32,29,10,19,3,63,1,0,4,296,112
391,A.J. Minter,-,-,F,1,2025,2025,0,0,0,,1.64,13,0,1,0,0,0,11.0,6,2,2,0,5,0,14,0,1,0,44,256
392,Pat Misch,-,-,F,3,2009,2011,0,4,8,.333,4.43,40,13,4,1,1,0,103.2,116,55,51,14,27,3,51,4,0,1,447,91
393,John Mitchell,S,-,-,4,1986,1989,0,3,8,.273,4.08,27,20,1,1,0,0,125.2,139,75,57,7,45,4,64,2,1,10,555,93
394,Vinegar Bend Mizell,-,-,F,1,1962,1962,0,0,2,.000,7.34,17,2,9,0,0,0,38.0,48,35,31,10,25,0,15,1,0,3,182,57
395,Dave Mlicki,-,-,-,4,1995,1998,0,24,30,.444,4.15,122,69,17,2,1,1,501.1,517,255,231,61,188,21,402,20,2,21,2191,98
396,Herb Moford,-,-,F,1,1962,1962,0,0,1,.000,7.20,7,0,1,0,0,0,15.0,21,15,12,3,1,0,5,0,0,2,69,59
397,Frankie Montas,-,-,F,1,2025,2025,0,3,2,.600,6.28,9,7,1,0,0,0,38.2,48,29,27,8,14,0,32,1,0,1,178,65
398,Rafael Montero,S,-,-,4,2014,2017,0,6,16,.273,5.38,58,30,7,0,0,0,192.1,217,119,115,24,111,9,189,5,1,8,883,74
399,Bryce Montes de Oca,S,C,F,1,2022,2022,0,0,0,,10.80,3,0,1,0,0,0,3.1,7,4,4,0,2,0,6,0,0,1,19,40
400,Tommy Moore,S,-,-,2,1972,1973,0,0,1,.000,4.60,6,2,2,0,0,0,15.2,18,9,8,2,4,0,6,0,0,1,65,79
401,Bob Moorhead,S,C,F,2,1962,1965,0,0,3,.000,4.51,47,7,14,0,0,0,119.2,134,76,60,13,47,4,68,4,0,10,526,91
402,Orber Moreno,-,-,F,2,2003,2004,0,3,1,.750,4.22,40,0,12,0,0,1,42.2,39,24,20,1,14,0,34,3,1,2,182,103
403,Akeel Morris,S,-,-,1,2015,2015,0,0,0,,67.50,1,0,0,0,0,0,0.2,3,5,5,1,3,0,0,0,0,0,8,9
404,Guillermo Mota,-,-,-,2,2006,2007,0,5,2,.714,4.66,70,0,14,0,0,0,77.1,73,41,40,10,23,3,66,2,0,2,329,94
405,Zach Muckenhirn,S,C,F,1,2023,2023,0,0,0,,6.00,3,0,1,0,0,0,6.0,11,4,4,0,2,0,3,1,0,0,31,74
406,Carlos MuÃ±iz,S,C,F,2,2007,2008,0,1,1,.500,5.61,20,0,9,0,0,0,25.2,25,16,16,4,9,0,18,2,0,2,110,77
407,Dale Murray,-,-,-,2,1978,1979,0,12,13,.480,4.27,111,0,62,0,0,9,183.1,190,97,87,10,88,33,74,2,1,8,801,84
408,Dan Murray,S,-,-,1,1999,1999,0,0,0,,13.50,1,0,1,0,0,0,2.0,4,3,3,0,2,0,1,0,0,1,12,38
409,Dennis Musgraves,S,C,F,1,1965,1965,0,0,0,,0.56,5,1,0,0,0,0,16.0,11,2,1,0,7,0,11,2,0,2,65,640
410,Jeff Musselman,-,-,F,2,1989,1990,0,3,4,.429,4.47,48,0,9,0,0,0,58.1,67,33,29,4,25,4,25,1,0,4,263,80
411,Randy Myers,S,-,-,5,1985,1989,0,17,13,.567,2.74,185,0,115,0,0,56,240.0,179,79,73,16,97,12,264,3,0,8,984,126
412,Tobias Myers,-,-,F,1,2026,2026,0,0,1,.000,3.42,12,1,3,0,0,1,23.2,20,11,9,4,4,1,18,0,0,0,93,118
413,Bob Myrick,S,C,F,3,1976,1978,0,3,6,.333,3.48,82,5,34,0,0,2,139.2,138,62,54,10,59,8,73,1,0,2,595,104
414,Randy Niemann,-,-,-,2,1985,1986,0,2,3,.400,3.35,35,1,11,0,0,0,40.1,49,17,15,2,12,2,20,0,0,2,176,109
415,Jon Niese,S,-,F,9,2008,2016,0,61,62,.496,3.99,188,179,2,3,2,0,1079.1,1147,540,478,110,329,13,838,38,0,27,4663,94
416,Fernando Nieve,-,-,F,2,2009,2010,0,5,7,.417,4.58,48,8,10,0,0,0,78.2,73,41,40,14,41,3,61,3,0,4,346,88
417,C.J. Nitkowski,-,-,-,1,2001,2001,0,1,0,1.000,0.00,5,0,2,0,0,0,5.2,3,0,0,0,3,1,4,0,0,0,21,
418,Vinny Nittoli,-,-,-,1,2023,2023,0,0,0,,2.45,3,0,3,0,0,0,3.2,4,1,1,0,0,0,3,1,1,0,15,187
419,Stephen Nogosek,S,C,F,4,2019,2023,0,1,4,.200,5.02,33,0,10,0,0,0,57.1,63,36,32,14,23,0,57,3,0,3,259,82
420,Hideo Nomo,-,-,-,1,1998,1998,0,4,5,.444,4.82,17,16,0,1,0,0,89.2,73,49,48,11,56,2,94,1,3,9,392,87
421,Dedniel NÃºÃ±ez,S,C,F,2,2024,2025,0,2,0,1.000,2.82,35,0,6,0,0,1,44.2,30,16,14,4,14,1,59,0,2,2,176,143
422,Ed NÃºÃ±ez,-,-,-,1,1988,1988,0,1,0,1.000,4.50,10,0,4,0,0,0,14.0,21,7,7,1,3,0,8,0,0,1,65,74
423,Mike O'Connor,-,-,F,1,2011,2011,0,0,1,.000,2.70,9,0,2,0,0,0,6.2,5,2,2,0,3,0,8,1,0,0,29,144
424,Darren O'Day,-,-,-,1,2009,2009,0,0,0,,0.00,4,0,1,0,0,0,3.0,5,2,0,0,1,0,2,1,0,0,17,
425,Eric O'Flaherty,-,-,-,1,2015,2015,0,0,0,,13.50,16,0,3,0,0,0,8.2,18,13,13,1,5,1,6,2,0,1,51,29
426,Ryan O'Rourke,-,-,F,1,2019,2019,0,0,0,,0.00,2,0,0,0,0,0,1.1,0,0,0,0,3,0,1,0,0,0,6,
427,Bob Ojeda,-,-,-,5,1986,1990,0,51,40,.560,3.12,140,109,10,17,9,0,764.0,690,305,265,52,213,15,459,10,13,9,3139,111
428,Darren Oliver,-,-,-,1,2006,2006,0,4,1,.800,3.44,45,0,10,0,0,0,81.0,70,33,31,13,21,2,60,3,0,1,333,127
429,Garrett Olson,-,-,F,1,2012,2012,0,0,0,,108.00,1,0,0,0,0,0,0.1,3,4,4,0,1,0,0,0,0,0,5,8
430,Jesse Orosco,S,-,-,8,1979,1987,2,47,47,.500,2.73,372,4,246,0,0,107,595.2,480,207,181,40,240,36,506,12,6,13,2465,133
431,Eric Orze,S,-,-,1,2024,2024,0,0,1,.000,21.60,2,0,0,0,0,0,1.2,3,4,4,1,2,0,1,1,0,0,11,22
432,Corey Oswalt,S,C,F,4,2018,2021,0,4,5,.444,5.89,26,14,4,0,0,0,94.2,104,63,62,19,30,2,71,5,0,5,413,66
433,Adam Ottavino,-,-,-,3,2022,2024,0,9,12,.429,3.14,192,0,64,0,0,16,183.1,143,68,64,19,68,6,211,20,3,17,764,128
434,Henry Owens,S,-,-,1,2006,2006,0,0,0,,9.00,3,0,1,0,0,0,4.0,4,4,4,0,4,0,2,0,0,0,19,53
435,Rick Ownbey,S,-,-,2,1982,1983,0,2,5,.286,4.13,18,12,3,2,0,0,85.0,75,42,39,7,64,1,47,1,5,1,384,89
436,John Pacella,S,-,-,3,1977,1980,0,3,6,.333,4.83,39,18,9,0,0,0,104.1,107,61,56,5,65,2,81,2,3,6,474,75
437,Juan Padilla,-,-,F,1,2005,2005,0,3,1,.750,1.49,24,0,5,0,0,1,36.1,24,7,6,0,13,2,17,2,0,0,149,279
438,Chan Ho Park,-,-,-,1,2007,2007,0,0,1,.000,15.75,1,1,0,0,0,0,4.0,6,7,7,2,2,0,4,0,0,1,20,30
439,Harry Parker,-,-,-,3,1973,1975,0,14,19,.424,3.77,96,26,35,1,0,11,262.1,261,121,110,19,101,13,143,6,0,12,1144,96
440,Bobby Parnell,S,-,-,8,2008,2015,0,20,28,.417,3.78,329,8,122,0,0,37,331.1,340,163,139,18,133,14,293,8,2,21,1453,102
441,JosÃ© Parra,-,-,F,1,2004,2004,0,1,0,1.000,3.21,13,0,7,0,0,0,14.0,14,6,5,2,6,1,14,0,0,0,61,136
442,Tom Parsons,-,-,F,2,1964,1965,0,2,12,.143,4.58,39,13,8,2,1,1,110.0,128,62,56,18,23,2,68,0,0,2,472,77
443,Bill Pecota,-,-,-,1,1992,1992,0,0,0,,9.00,1,0,1,0,0,0,1.0,1,1,1,1,0,0,0,0,0,0,4,56
444,Mike Pelfrey,S,-,-,7,2006,2012,0,50,54,.481,4.36,153,149,1,4,0,1,896.1,989,463,434,70,318,22,506,45,9,12,3931,92
445,Alejandro PeÃ±a,-,-,-,2,1990,1991,0,9,4,.692,2.98,96,0,56,0,0,9,139.0,134,51,46,9,41,9,125,1,2,1,581,125
446,Freddy Peralta,-,-,F,1,2026,2026,0,2,3,.400,3.12,8,8,0,0,0,0,43.1,34,17,15,4,18,0,43,2,0,2,185,129
447,Ãliver PÃ©rez,-,-,-,5,2006,2010,0,29,29,.500,4.71,101,91,4,1,1,0,520.0,484,304,272,74,301,10,494,29,1,22,2335,90
448,Yorkis PÃ©rez,-,-,-,1,1997,1997,0,0,1,.000,8.31,9,0,1,0,0,0,8.2,15,8,8,2,4,0,7,0,0,1,45,51
449,Robert Person,S,-,-,2,1995,1996,0,5,5,.500,4.07,30,14,1,0,0,0,101.2,91,51,46,17,37,3,86,2,0,3,434,99
450,David Peterson,S,C,F,7,2020,2026,1,38,34,.528,4.23,139,120,0,2,1,0,657.0,634,331,309,64,276,2,649,37,2,24,2830,95
451,Tim Peterson,S,C,F,2,2018,2019,0,2,2,.500,5.91,28,0,11,0,0,0,35.0,36,23,23,9,12,3,28,2,0,3,153,66
452,Tyler Pill,S,C,F,1,2017,2017,0,0,3,.000,5.32,7,3,1,0,0,0,22.0,22,16,13,3,10,2,16,2,0,0,99,79
453,Kevin Pillar,-,-,-,1,2021,2021,0,0,0,,0.00,1,0,1,0,0,0,0.1,0,0,0,0,0,0,0,0,0,0,1,
454,Jonathan Pintaro,S,C,F,1,2025,2025,0,0,0,,27.00,1,0,0,0,0,0,0.2,2,2,2,0,2,0,1,0,0,0,6,24
455,Kevin Plawecki,S,-,-,1,2017,2017,0,0,0,,12.00,2,0,2,0,0,0,3.0,5,4,4,3,0,0,0,0,0,0,14,39
456,Colin Poche,-,-,F,1,2025,2025,0,0,0,,27.00,1,0,1,0,0,0,0.2,2,2,2,0,2,0,1,0,0,0,6,24
457,Zach Pop,-,-,-,1,2025,2025,0,0,1,.000,20.25,1,0,0,0,0,0,1.1,5,3,3,1,0,0,0,0,0,0,9,26
458,Rick Porcello,-,-,F,1,2020,2020,0,1,7,.125,5.64,12,12,0,0,0,0,59.0,74,41,37,5,15,0,54,2,0,1,261,76
459,Brooks Pounders,-,-,F,1,2019,2019,0,1,0,1.000,6.14,7,0,3,0,0,0,7.1,9,5,5,1,2,0,5,1,0,1,34,70
460,Grover Powell,S,C,F,1,1963,1963,0,1,1,.500,2.72,20,4,10,1,1,0,49.2,37,23,15,2,32,0,39,1,0,9,218,128
461,Charlie Puleo,S,-,-,2,1981,1982,0,9,9,.500,4.15,40,25,10,1,1,1,184.1,187,100,85,13,98,9,106,2,2,4,812,88
462,Bill Pulsipher,S,-,-,3,1995,2000,0,5,9,.357,4.63,34,20,1,2,0,0,147.2,157,78,76,14,56,1,101,5,1,2,637,88
463,J.J. Putz,-,-,-,1,2009,2009,0,1,4,.200,5.22,29,0,6,0,0,2,29.1,29,18,17,1,19,4,19,0,0,1,135,79
464,Jose Quintana,-,-,-,2,2023,2024,0,13,16,.448,3.70,44,44,0,0,0,0,246.0,225,106,101,27,87,0,195,12,0,9,1036,109
465,Brooks Raley,-,-,F,4,2023,2026,0,5,4,.556,2.29,120,0,15,0,0,3,102.1,68,28,26,5,39,4,113,8,0,1,417,182
466,Elvin RamÃ­rez,S,C,F,1,2012,2012,0,0,1,.000,5.48,20,0,7,0,0,0,21.1,24,13,13,1,20,1,22,0,0,1,102,70
467,Erasmo RamÃ­rez,-,-,-,1,2020,2020,0,0,0,,0.63,6,0,3,0,0,1,14.1,8,1,1,1,4,0,9,0,0,0,53,695
468,Neil RamÃ­rez,-,-,-,1,2017,2017,0,0,1,.000,6.43,20,0,7,0,0,0,21.0,20,15,15,4,17,0,26,0,0,1,100,65
469,RamÃ³n RamÃ­rez,-,-,-,1,2012,2012,0,3,4,.429,4.24,58,0,18,0,0,1,63.2,58,33,30,4,35,4,52,0,0,4,277,90
470,Yohan RamÃ­rez,-,-,-,1,2024,2024,0,0,1,.000,7.56,5,0,1,0,0,0,8.1,11,7,7,1,4,1,11,0,1,3,41,54
471,AJ Ramos,-,-,-,2,2017,2018,0,2,2,.500,5.59,49,0,22,0,0,7,38.2,36,24,24,6,27,0,47,0,0,4,175,71
472,Bob Rauch,S,C,F,1,1972,1972,0,0,1,.000,5.00,19,0,7,0,0,1,27.0,27,16,15,3,21,2,23,0,0,4,126,68
473,Jon Rauch,-,-,-,1,2012,2012,0,3,7,.300,3.59,73,0,22,0,0,4,57.2,45,28,23,7,12,2,42,1,0,1,233,106
474,Jeff Reardon,S,-,-,3,1979,1981,0,10,9,.526,2.65,97,0,59,0,0,10,159.2,135,54,47,14,68,22,139,1,0,4,680,135
475,Anthony Recker,-,-,-,1,2013,2013,0,0,0,,18.00,1,0,1,0,0,0,1.0,1,2,2,1,1,0,0,0,0,0,5,28
476,Tim Redding,-,-,F,1,2009,2009,0,3,6,.333,5.10,30,17,2,0,0,0,120.0,122,72,68,18,50,5,76,2,0,4,525,80
477,Addison Reed,-,-,-,3,2015,2017,0,6,5,.545,2.09,145,0,47,0,0,21,142.0,120,34,33,11,24,6,156,0,0,5,564,194
478,Jake Reed,-,-,-,2,2021,2022,0,1,1,.500,8.18,9,0,2,0,0,0,11.0,9,11,10,2,6,0,11,1,0,0,49,51
479,Rick Reed,-,-,-,5,1997,2001,2,59,36,.621,3.66,140,138,0,8,3,0,888.2,868,380,361,116,158,14,590,18,1,6,3605,117
480,Steve Reed,-,-,-,1,2002,2002,0,0,1,.000,2.08,24,0,4,0,0,0,26.0,23,6,6,0,4,1,14,2,0,1,103,195
481,Sean Reid-Foley,-,-,F,4,2021,2024,0,3,4,.429,3.75,50,0,14,0,0,0,60.0,46,34,25,4,36,2,75,1,0,2,260,109
482,Desi Relaford,-,-,-,1,2001,2001,0,0,0,,0.00,1,0,1,0,0,0,1.0,0,0,0,0,0,0,1,0,0,0,3,
483,Mike Remlinger,-,-,-,2,1994,1995,0,1,6,.143,4.77,15,9,4,0,0,0,60.1,62,35,32,10,37,4,39,1,0,3,279,88
484,Hal Reniff,-,-,F,1,1967,1967,0,3,3,.500,3.35,29,0,16,0,0,4,43.0,42,20,16,1,23,4,21,1,0,4,191,102
485,Denyi Reyes,-,-,F,1,2023,2023,0,0,2,.000,7.78,9,3,1,0,0,0,19.2,25,17,17,3,8,0,17,1,0,0,90,55
486,JosÃ© Reyes,S,-,F,1,2018,2018,0,0,0,,54.00,1,0,1,0,0,0,1.0,5,6,6,2,2,0,0,1,0,0,11,10
487,Matt Reynolds,S,-,-,1,2022,2022,0,0,0,,,0,0,0,0,0,0,0.0,0,0,0,0,0,0,0,0,0,0,0,
488,Armando Reynoso,-,-,-,2,1997,1998,0,13,6,.684,4.23,27,27,0,1,1,0,159.2,159,78,75,11,61,7,87,11,3,6,680,98
489,Jacob Rhame,S,C,F,3,2017,2019,0,2,4,.333,6.23,44,0,20,0,0,1,47.2,53,34,33,11,24,2,40,1,0,0,215,63
490,Dennis Ribant,S,-,-,3,1964,1966,0,13,17,.433,3.68,72,34,20,11,2,7,281.1,278,129,115,33,55,6,132,1,0,11,1157,98
491,Scott Rice,S,C,F,2,2013,2014,0,5,7,.417,4.18,105,0,9,0,0,0,64.2,57,31,30,2,39,5,54,3,1,8,279,86
492,Gordie Richardson,-,-,F,2,1965,1966,0,2,4,.333,5.20,50,1,16,0,0,3,71.0,65,46,41,12,22,3,58,2,0,4,292,69
493,Jerrod Riggan,S,-,-,2,2000,2001,0,3,3,.500,3.26,36,0,12,0,0,0,49.2,45,21,18,5,24,7,42,0,0,4,212,129
494,Ricardo RincÃ³n,-,-,F,1,2008,2008,0,0,0,,4.50,8,0,1,0,0,0,4.0,4,2,2,1,1,0,3,0,0,1,16,102
495,Royce Ring,S,-,-,2,2005,2006,0,0,2,.000,3.47,26,0,4,0,0,0,23.1,17,9,9,2,13,1,16,0,0,0,99,126
496,Jason Roach,S,C,F,1,2003,2003,0,0,2,.000,12.00,2,2,0,0,0,0,9.0,14,12,12,3,4,0,2,1,0,2,46,36
497,Dave Roberts,-,-,F,1,1981,1981,0,0,3,.000,9.39,7,4,0,0,0,0,15.1,26,18,16,5,5,0,10,0,0,0,76,38
498,Grant Roberts,S,C,F,5,2000,2004,0,4,4,.500,4.25,76,1,14,0,0,1,101.2,106,51,48,7,37,11,77,2,1,0,448,99
499,David Robertson,-,-,-,1,2023,2023,0,4,2,.667,2.05,40,0,26,0,0,14,44.0,31,13,10,5,13,1,48,2,0,4,172,205
500,Hansel Robles,S,-,-,4,2015,2018,0,19,14,.576,4.07,187,0,34,0,0,1,208.0,174,101,94,32,93,8,229,9,1,8,883,98
501,Francisco RodrÃ­guez,-,-,-,3,2009,2011,1,9,10,.474,3.05,165,0,146,0,0,83,168.0,140,63,57,13,75,14,186,5,1,6,718,129
502,Joely RodrÃ­guez,-,-,-,1,2022,2022,0,2,4,.333,4.47,55,0,9,0,0,0,50.1,42,28,25,3,26,1,57,1,0,2,216,87
503,Rich Rodriguez,-,-,-,1,2000,2000,0,0,1,.000,7.78,32,0,13,0,0,0,37.0,59,40,32,7,15,0,18,3,1,2,185,58
504,Kenny Rogers,-,-,-,1,1999,1999,0,5,1,.833,4.03,12,12,0,2,1,0,76.0,71,35,34,8,28,1,58,4,0,1,317,111
505,Tyler Rogers,-,-,-,1,2025,2025,0,0,3,.000,2.30,28,0,4,0,0,0,27.1,27,9,7,1,3,0,10,1,0,0,111,178
506,Les Rohr,S,C,F,3,1967,1969,0,2,3,.400,3.70,6,4,1,0,0,0,24.1,27,15,10,1,17,3,20,0,2,1,115,94
507,Mel Rojas,-,-,-,2,1997,1998,0,5,4,.556,5.76,73,0,31,0,0,4,84.1,92,56,54,13,36,6,73,5,0,3,373,73
508,Brian Rose,-,-,-,1,2001,2001,0,0,1,.000,4.15,3,0,0,0,0,0,8.2,10,4,4,3,2,1,4,0,0,0,37,104
509,Don Rose,S,-,-,1,1971,1971,0,0,0,,0.00,1,0,0,0,0,0,2.0,2,0,0,0,0,0,1,0,0,0,7,
510,Don Rowe,S,C,F,1,1963,1963,0,0,0,,4.28,26,1,12,0,0,0,54.2,59,27,26,6,21,0,27,1,5,1,237,81
511,Darin Ruf,-,-,-,1,2022,2022,0,0,0,,0.00,1,0,1,0,0,0,2.0,1,0,0,0,0,0,0,0,0,0,7,
512,Glendon Rusch,-,-,-,3,1999,2001,0,19,23,.452,4.30,65,63,1,3,0,0,370.2,413,192,177,41,87,4,313,13,2,5,1590,100
513,Dick Rusteck,S,C,F,1,1966,1966,0,1,2,.333,3.00,8,3,3,1,1,0,24.0,24,10,8,1,8,0,9,0,0,0,96,124
514,Nolan Ryan HOF,S,-,-,5,1966,1971,0,29,38,.433,3.58,105,74,10,13,2,2,510.0,369,230,203,34,344,14,493,24,4,23,2226,98
515,Bret Saberhagen,-,-,-,4,1992,1995,1,29,21,.580,3.16,76,74,0,12,2,0,524.1,489,197,184,43,77,7,388,16,4,5,2101,126
516,Ray Sadecki,-,-,F,6,1970,1977,0,30,25,.545,3.36,165,62,35,13,3,1,600.1,565,254,224,50,206,29,380,9,0,15,2527,108
517,Fernando Salas,-,-,-,2,2016,2017,0,1,3,.250,4.91,65,0,9,0,0,0,62.1,71,39,34,10,20,6,66,0,0,5,276,84
518,Joe Sambito,-,-,-,1,1985,1985,0,0,0,,12.66,8,0,2,0,0,0,10.2,21,18,15,1,8,0,3,0,0,0,60,29
519,Duaner SÃ¡nchez,-,-,-,2,2006,2008,0,10,2,.833,3.48,115,0,29,0,0,0,113.2,97,47,44,9,47,9,88,7,0,3,483,124
520,Ken Sanders,-,-,-,2,1975,1976,0,2,3,.400,2.60,61,0,36,0,0,6,90.0,70,27,26,6,26,11,24,1,1,0,360,130
521,Dennis Santana,-,-,-,1,2023,2023,0,1,0,1.000,5.91,9,0,4,0,0,0,10.2,10,7,7,2,7,0,12,1,0,1,50,73
522,Johan Santana,-,-,F,4,2008,2012,1,46,34,.575,3.18,109,109,0,9,6,0,717.0,658,273,253,76,203,11,607,9,4,13,2981,127
523,HÃ©ctor Santiago,-,-,-,1,2019,2019,0,1,0,1.000,6.75,8,0,6,0,0,0,8.0,10,6,6,1,5,0,6,0,0,0,38,63
524,JosÃ© Santiago,-,-,F,1,2005,2005,0,0,0,,3.18,4,0,1,0,0,0,5.2,10,2,2,0,2,0,3,1,0,0,27,138
525,Rich Sauveur,-,-,-,1,1991,1991,0,0,0,,10.80,6,0,0,0,0,0,3.1,7,4,4,1,2,0,4,0,0,0,19,38
526,Mac Scarce,-,-,-,1,1975,1975,0,0,0,,,1,0,1,0,0,0,0.0,1,0,0,0,0,0,0,0,0,0,1,
527,Dan Schatzeder,-,-,-,1,1990,1990,0,0,0,,0.00,6,0,3,0,0,0,5.2,5,0,0,0,0,0,2,0,0,0,19,
528,Max Scherzer,-,-,-,2,2022,2023,0,20,9,.690,3.02,42,42,0,0,0,0,253.0,206,88,85,36,54,0,294,14,0,2,1009,132
529,Calvin Schiraldi,S,-,-,2,1984,1985,0,2,3,.400,7.63,15,7,2,0,0,0,43.2,63,40,37,7,21,0,37,3,1,2,211,47
530,Al Schmelz,S,C,F,1,1967,1967,0,0,0,,3.00,2,0,2,0,0,0,3.0,4,1,1,1,1,0,2,0,0,0,12,130
531,Scott Schoeneweis,-,-,-,2,2007,2008,0,2,8,.200,4.20,143,0,29,0,0,3,115.2,117,59,54,15,51,11,75,7,1,6,508,102
532,Pete Schourek,S,-,-,3,1991,1993,0,16,24,.400,4.65,98,47,13,1,1,2,350.2,387,199,181,29,132,17,199,7,4,6,1549,80
533,Don Schulze,-,-,-,1,1987,1987,0,1,2,.333,6.23,5,4,1,0,0,0,21.2,24,15,15,4,6,0,5,1,0,0,91,62
534,Chris Schwinden,S,C,F,2,2011,2012,0,0,3,.000,6.98,7,6,1,0,0,0,29.2,38,26,23,5,9,2,18,1,0,1,141,55
535,Christian Scott,S,C,F,2,2024,2026,0,0,3,.000,4.32,12,12,0,0,0,0,58.1,51,29,28,9,19,0,54,4,1,0,245,92
536,Mike Scott,S,-,-,4,1979,1982,0,14,27,.341,4.64,84,60,10,3,1,3,364.2,414,214,188,29,122,8,151,3,5,4,1582,77
537,Ray Searage,S,-,-,1,1981,1981,0,1,0,1.000,3.68,26,0,7,0,0,1,36.2,34,16,15,2,17,3,16,0,0,3,156,96
538,Tom Seaver HOF,S,-,-,12,1967,1983,9,198,124,.615,2.57,401,395,5,171,44,1,3045.2,2431,953,870,212,847,70,2541,52,7,81,12191,136
539,Aaron Sele,-,-,F,1,2007,2007,0,3,2,.600,5.37,34,0,10,0,0,0,53.2,78,34,32,5,21,2,29,2,0,0,250,81
540,Dick Selma,S,-,-,4,1965,1968,0,17,21,.447,3.16,105,38,22,5,4,3,359.0,325,150,126,27,138,16,253,11,0,16,1507,104
541,Frank Seminara,-,-,F,1,1994,1994,0,0,2,.000,5.82,10,1,5,0,0,0,17.0,20,12,11,2,8,0,7,0,1,1,75,73
542,Kodai Senga,S,C,F,4,2023,2026,1,20,17,.541,3.39,57,57,0,0,0,0,305.0,248,127,115,35,146,0,343,10,1,19,1293,122
543,Jae Weong Seo,S,-,-,4,2002,2005,0,22,24,.478,3.85,71,66,2,1,0,0,397.1,410,187,170,44,112,18,224,9,1,4,1684,109
544,Luis Severino,-,-,-,1,2024,2024,0,11,7,.611,3.91,31,31,0,1,1,0,182.0,166,86,79,23,60,0,161,11,2,6,761,101
545,Paul Sewald,S,-,-,4,2017,2020,0,1,14,.067,5.50,125,0,28,0,0,3,147.1,150,94,90,20,51,4,151,6,1,4,643,73
546,Bob Shaw,-,-,-,2,1966,1967,0,14,19,.424,4.06,49,38,5,10,3,0,266.1,276,139,120,21,70,10,153,9,2,12,1130,88
547,Don Shaw,S,-,-,2,1967,1968,0,4,5,.444,2.56,47,0,21,0,0,3,63.1,43,20,18,6,28,5,55,0,0,3,257,131
548,Bill Short,-,-,-,1,1968,1968,0,0,3,.000,4.85,34,0,13,0,0,1,29.2,24,17,16,0,14,1,24,1,0,5,128,63
549,Chasen Shreve,-,-,-,2,2020,2022,0,2,1,.667,5.26,42,0,5,0,0,0,51.1,44,31,30,10,22,1,63,0,0,2,216,78
550,Paul Siebert,-,-,F,2,1977,1978,0,2,3,.400,4.50,52,0,19,0,0,1,56.0,57,28,28,2,34,9,32,2,1,3,253,81
551,Doug Simons,S,-,-,1,1991,1991,0,2,3,.400,5.19,42,1,11,0,0,1,60.2,55,40,35,5,19,5,38,2,0,3,258,71
552,Doug Sisk,S,-,-,6,1982,1987,0,17,16,.515,3.10,263,0,128,0,0,33,412.1,396,180,142,11,210,25,163,18,3,11,1802,117
553,Drew Smith,S,C,F,6,2018,2024,0,12,13,.480,3.48,191,1,47,0,0,5,196.1,174,85,76,29,77,5,202,9,0,7,824,115
554,Joe Smith,S,-,-,2,2007,2008,0,9,5,.643,3.51,136,0,26,0,0,0,107.2,99,46,42,7,52,8,97,11,0,3,476,122
555,Pete Smith,-,-,-,1,1994,1994,0,4,10,.286,5.55,21,21,0,1,0,0,131.1,145,83,81,25,42,4,62,2,1,3,565,75
556,Josh Smoker,S,-,-,2,2016,2017,0,4,2,.667,5.02,74,0,11,0,0,0,71.2,80,44,40,14,36,8,93,4,0,2,332,82
557,Alay Soler,S,C,F,1,2006,2006,0,2,3,.400,6.00,8,8,0,1,1,0,45.0,50,33,30,7,21,1,23,1,0,3,208,73
558,Jorge Sosa,-,-,-,2,2007,2008,0,13,9,.591,4.89,62,14,10,0,0,0,134.1,139,81,73,14,52,6,81,0,0,2,588,88
559,Gregory Soto,-,-,-,1,2025,2025,0,1,3,.250,4.50,25,0,3,0,0,0,24.0,33,16,12,2,6,0,26,6,0,3,119,92
560,Warren Spahn HOF,-,-,-,1,1965,1965,0,4,12,.250,4.36,20,19,1,5,0,0,126.0,140,70,61,18,35,1,56,2,0,1,543,81
561,Dennis Springer,-,-,-,1,2000,2000,0,0,1,.000,8.74,2,2,0,0,0,0,11.1,20,11,11,2,5,0,5,1,0,2,59,53
562,Brandon Sproat,S,-,-,1,2025,2025,0,0,2,.000,4.79,4,4,0,0,0,0,20.2,18,11,11,0,7,0,17,2,0,0,84,86
563,Tracy Stallard,-,-,-,2,1963,1964,0,16,37,.302,4.16,75,57,8,16,2,1,380.1,369,200,176,43,150,9,228,7,4,18,1629,84
564,Ryne Stanek,-,-,-,2,2024,2025,0,5,6,.455,5.47,82,0,19,0,0,3,72.1,69,50,44,10,40,0,81,1,0,7,324,74
565,Mike Stanton,-,-,-,2,2003,2004,0,4,13,.235,3.68,133,0,43,0,0,5,122.1,107,57,50,12,52,10,92,4,1,3,531,116
566,Tim Stauffer,-,-,F,1,2015,2015,0,0,0,,7.94,5,0,2,0,0,0,5.2,8,5,5,2,2,0,8,1,0,0,27,51
567,Randy Sterling,S,C,F,1,1974,1974,0,1,1,.500,4.82,3,2,1,0,0,0,9.1,13,8,5,0,3,0,2,1,0,1,44,78
568,Josh Stinson,S,-,-,1,2011,2011,0,0,2,.000,6.92,14,0,3,0,0,1,13.0,14,10,10,1,7,0,8,0,0,0,57,55
569,Robert Stock,-,-,-,1,2021,2021,0,0,1,.000,5.40,2,2,0,0,0,0,5.0,6,3,3,2,3,0,6,0,0,0,23,80
570,Brian Stokes,-,-,-,2,2008,2009,0,3,4,.429,3.82,93,1,24,0,0,1,103.2,107,46,44,11,46,10,71,2,0,2,454,109
571,George Stone,-,-,F,3,1973,1975,0,17,13,.567,3.86,55,44,7,4,0,1,282.0,335,148,121,29,73,10,127,0,3,4,1231,93
572,Tobi Stoner,S,C,F,2,2009,2010,0,0,1,.000,3.97,5,0,1,0,0,0,11.1,12,5,5,2,4,0,5,0,0,0,47,108
573,Pat Strange,S,C,F,2,2002,2003,0,0,0,,6.35,11,0,5,0,0,0,17.0,19,12,12,4,12,1,9,0,1,0,78,67
574,Hunter Strickland,-,-,-,1,2020,2020,0,0,1,.000,8.10,4,0,2,0,0,0,3.1,5,4,3,0,1,0,4,0,0,0,16,58
575,Scott Strickland,-,-,-,2,2002,2003,0,6,11,.353,3.29,87,0,24,0,0,2,87.2,77,35,32,8,43,10,83,3,0,4,380,124
576,John Strohmayer,-,-,F,2,1973,1974,0,0,0,,7.36,8,0,4,0,0,0,11.0,13,10,9,2,5,1,5,0,0,1,50,53
577,Brent Strom,S,-,-,1,1972,1972,0,0,3,.000,6.82,11,5,3,0,0,0,30.1,34,25,23,7,15,1,20,0,1,1,134,50
578,Marcus Stroman,-,-,-,2,2019,2021,0,14,15,.483,3.21,44,44,0,0,0,0,238.2,226,97,85,25,67,3,218,8,0,10,991,126
579,Tom Sturdivant,-,-,F,1,1964,1964,0,0,0,,5.97,16,0,5,0,0,1,28.2,34,20,19,2,7,0,18,2,0,3,125,60
580,Cole Sulser,-,-,-,1,2024,2024,0,0,0,,9.64,4,0,1,0,0,0,4.2,6,5,5,1,3,0,7,0,0,0,23,44
581,Darrell Sutherland,S,-,-,3,1964,1966,0,5,4,.556,4.69,59,6,18,0,0,1,119.0,125,67,62,11,54,10,48,8,0,2,525,77
582,Craig Swan,S,-,-,12,1973,1984,0,59,71,.454,3.72,229,184,15,25,7,2,1230.2,1191,569,508,112,368,38,671,11,12,7,5140,96
583,Anthony Swarzak,-,-,-,1,2018,2018,0,0,2,.000,6.15,29,0,12,0,0,4,26.1,28,18,18,6,14,0,31,1,0,2,116,61
584,Jon Switzer,-,-,F,1,2009,2009,0,0,0,,8.10,4,0,1,0,0,0,3.1,4,3,3,1,2,0,3,1,0,0,17,56
585,Noah Syndergaard,S,-,-,6,2015,2021,1,47,31,.603,3.32,121,120,0,3,2,0,718.0,668,293,265,64,166,9,777,19,1,25,2948,119
586,Thomas Szapucki,S,-,-,2,2021,2022,0,0,1,.000,27.00,2,1,0,0,0,0,5.0,14,15,15,6,6,0,6,0,0,0,33,17
587,Hisanori Takahashi,S,-,-,1,2010,2010,0,10,6,.625,3.61,53,12,21,0,0,8,122.0,116,51,49,13,43,7,114,0,1,1,516,108
588,Ken Takahashi,S,C,F,1,2009,2009,0,0,1,.000,2.96,28,0,5,0,0,0,27.1,23,9,9,2,14,1,23,2,1,2,116,139
589,Shingo Takatsu,-,-,F,1,2005,2005,0,1,0,1.000,2.35,9,0,4,0,0,0,7.2,11,2,2,2,3,1,6,0,0,0,38,183
590,Jeff Tam,S,-,-,2,1998,1999,0,1,1,.500,4.91,24,0,8,0,0,0,25.2,19,14,14,5,7,1,16,2,0,0,103,90
591,Frank Tanana,-,-,-,1,1993,1993,0,7,15,.318,4.48,29,29,0,0,0,0,183.0,198,100,91,26,48,7,104,9,2,7,784,90
592,Kevin Tapani,S,-,-,1,1989,1989,0,0,0,,3.68,3,0,1,0,0,0,7.1,5,3,3,1,4,0,2,0,1,0,31,94
593,Stephen Tarpley,-,-,F,1,2021,2021,0,0,0,,inf,1,0,0,0,0,0,0.0,1,2,2,0,2,0,0,1,0,0,4,9
594,Randy Tate,S,C,F,1,1975,1975,0,5,13,.278,4.45,26,23,1,2,0,0,137.2,121,73,68,8,86,3,99,5,2,1,605,78
595,Billy Taylor,-,-,-,1,1999,1999,0,0,1,.000,8.10,18,0,5,0,0,0,13.1,20,12,12,2,9,5,14,0,0,0,68,56
596,Chuck Taylor,-,-,-,1,1972,1972,0,0,0,,5.52,20,0,8,0,0,2,31.0,44,19,19,2,9,3,9,1,0,0,143,62
597,Ron Taylor,-,-,-,5,1967,1971,0,21,21,.500,3.04,269,0,184,0,0,50,361.0,321,127,122,24,92,45,197,4,2,3,1460,115
598,Julio Teheran,-,-,F,1,2024,2024,0,0,0,,13.50,1,1,0,0,0,0,2.2,6,4,4,1,2,0,3,0,0,0,16,33
599,Dave Telgheder,S,-,-,3,1993,1995,0,7,5,.583,5.17,37,11,9,0,0,0,111.1,127,66,64,16,36,7,55,4,1,1,491,79
600,Walt Terrell,S,-,-,3,1982,1984,0,19,23,.452,3.53,57,56,1,7,3,0,369.2,377,168,145,25,149,10,181,6,1,12,1584,102
601,Ralph Terry,-,-,F,2,1966,1967,0,0,1,.000,4.18,13,1,7,0,0,1,28.0,28,14,13,1,11,1,19,0,0,0,115,89
602,Dale Thayer,-,-,-,1,2011,2011,0,0,3,.000,3.48,11,0,7,0,0,0,10.1,12,4,4,0,0,0,5,0,0,0,42,110
603,John Thomson,-,-,-,1,2002,2002,0,2,6,.250,4.31,9,9,0,0,0,0,54.1,65,39,26,7,17,3,31,0,0,0,250,93
604,Dick Tidrow,-,-,F,1,1984,1984,0,0,0,,9.19,11,0,5,0,0,0,15.2,25,19,16,5,7,0,8,0,0,1,78,40
605,Blade Tidwell,S,-,-,1,2025,2025,0,1,1,.500,9.00,4,2,1,0,0,0,15.0,23,15,15,4,10,0,10,1,0,0,78,46
606,Jackson Todd,S,-,-,1,1977,1977,0,3,6,.333,4.77,19,10,3,0,0,0,71.2,78,41,38,8,20,5,39,2,1,2,312,78
607,Jonah Tong,S,C,F,1,2025,2025,0,2,3,.400,7.71,5,5,0,0,0,0,18.2,24,20,16,3,9,0,22,0,0,3,87,54
608,Michael Tonkin,-,-,-,1,2024,2024,0,1,2,.333,5.14,5,0,4,0,0,0,7.0,8,10,4,1,2,0,6,3,0,1,35,81
609,Luis Torrens,-,-,F,2,2024,2025,0,0,0,,36.00,3,0,2,0,0,0,1.0,5,4,4,2,1,0,0,0,0,0,9,20
610,Alex Torres,-,-,F,1,2015,2015,0,0,0,,3.15,39,0,11,0,0,1,34.1,26,16,12,6,26,1,35,1,0,3,154,122
611,Carlos Torres,-,-,-,3,2013,2015,0,17,18,.486,3.59,165,10,45,0,0,2,241.0,229,101,96,31,73,11,219,6,1,15,1000,100
612,Mike Torrez,-,-,-,2,1983,1984,0,11,22,.333,4.47,48,42,5,5,0,0,260.0,282,145,129,19,131,11,110,3,1,9,1147,81
613,Steve Trachsel,-,-,-,6,2001,2006,0,66,59,.528,4.09,160,160,0,5,4,0,956.1,967,478,435,124,354,30,580,16,4,22,4098,103
614,Ricky Trlicek,-,-,F,2,1996,1997,0,0,1,.000,6.28,14,0,6,0,0,0,14.1,13,11,10,2,8,1,7,1,0,2,59,68
615,Nick Tropeano,-,-,F,1,2021,2021,0,0,0,,4.50,1,0,0,0,0,0,2.0,4,1,1,1,1,0,0,0,0,0,11,106
616,Wayne Twitchell,-,-,-,1,1979,1979,0,5,3,.625,5.23,33,2,9,0,0,0,63.2,55,44,37,6,55,8,44,4,1,1,294,70
617,Edwin Uceta,-,-,-,1,2023,2023,0,0,0,,0.00,1,0,1,0,0,0,3.0,0,0,0,0,2,0,3,1,0,0,11,
618,Lino Urdaneta,-,-,F,1,2007,2007,0,0,0,,9.00,2,0,0,0,0,0,1.0,2,1,1,1,0,0,0,0,0,0,5,65
619,JosÃ© UreÃ±a,-,-,-,1,2025,2025,0,0,0,,15.00,1,0,1,0,0,1,3.0,7,5,5,2,1,0,3,0,0,0,17,30
620,RaÃºl ValdÃ©s,S,-,-,1,2010,2010,0,3,3,.500,4.91,38,1,8,0,0,1,58.2,59,33,32,7,27,1,56,4,0,2,262,80
621,Julio Valera,S,-,-,2,1990,1991,0,1,1,.500,6.00,5,3,1,0,0,0,15.0,21,11,10,1,11,1,7,0,0,0,75,66
622,JosÃ© Valverde,-,-,F,1,2014,2014,0,1,1,.500,5.66,21,0,13,0,0,2,20.2,24,16,13,4,10,3,23,0,0,1,95,62
623,Claudio Vargas,-,-,-,1,2008,2008,0,3,2,.600,4.62,11,4,2,0,0,0,37.0,33,20,19,4,11,0,20,2,0,1,150,92
624,Jason Vargas,-,-,-,3,2007,2019,0,13,15,.464,5.26,41,40,1,1,1,0,196.2,198,119,115,36,71,4,169,6,1,4,855,75
625,Justin Verlander,-,-,-,1,2023,2023,0,6,5,.545,3.15,16,16,0,0,0,0,94.1,77,36,33,9,31,0,81,1,0,3,386,133
626,Logan Verrett,-,-,-,2,2015,2016,0,4,9,.308,4.56,49,16,13,0,0,1,130.1,123,68,66,21,54,6,102,6,1,4,554,87
627,Frank Viola,-,-,-,3,1989,1991,2,38,32,.543,3.31,82,82,0,12,4,0,566.1,561,230,208,45,141,9,387,4,1,20,2347,110
628,Joe Vitko,S,C,F,1,1992,1992,0,0,1,.000,13.50,3,1,1,0,0,0,4.2,12,11,7,1,1,0,6,0,0,1,29,28
629,Michael Wacha,-,-,-,1,2020,2020,0,1,4,.200,6.62,8,7,0,0,0,0,34.0,46,26,25,9,7,0,37,2,0,2,156,65
630,Brandon Waddell,-,-,F,1,2025,2025,0,0,0,,3.45,11,1,4,0,0,0,31.1,29,12,12,4,11,0,22,1,0,0,134,119
631,Billy Wagner HOF,-,-,-,4,2006,2009,2,5,5,.500,2.37,183,0,150,0,0,101,189.2,146,61,50,17,54,5,230,6,0,8,770,183
632,Bobby Wahl,-,-,-,1,2018,2018,0,0,1,.000,10.13,7,0,0,0,0,0,5.1,9,6,6,2,4,0,7,0,0,0,29,39
633,Bill Wakefield,S,C,F,1,1964,1964,0,3,5,.375,3.61,62,4,18,0,0,2,119.2,103,57,48,10,61,6,61,9,1,4,521,98
634,Josh Walker,S,-,-,2,2023,2024,0,0,1,.000,6.45,24,0,7,0,0,0,22.1,25,18,16,3,12,0,23,0,2,3,103,65
635,Pete Walker,S,-,-,3,1995,2002,0,1,0,1.000,4.26,16,0,11,0,0,0,25.1,32,12,12,3,5,0,9,0,0,0,109,99
636,Taijuan Walker,-,-,-,2,2021,2022,1,19,16,.543,3.98,59,58,0,0,0,0,316.1,276,147,140,41,100,1,278,10,0,5,1303,99
637,Tyler Walker,S,-,-,1,2002,2002,0,1,0,1.000,5.91,5,1,3,0,0,0,10.2,11,7,7,3,5,1,7,0,0,0,49,70
638,Donne Wall,-,-,-,1,2001,2001,0,0,4,.000,4.85,32,0,14,0,0,0,42.2,51,24,23,8,17,6,31,1,0,1,193,86
639,Derek Wallace,S,-,-,1,1996,1996,0,2,3,.400,4.01,19,0,11,0,0,3,24.2,29,12,11,2,14,2,15,0,0,2,115,102
640,Gene Walter,-,-,-,2,1987,1988,0,1,3,.250,3.47,40,0,11,0,0,0,36.1,39,19,14,1,24,4,25,1,3,1,169,104
641,Austin Warren,-,-,F,2,2025,2026,0,1,1,.500,0.98,12,0,5,0,0,0,18.1,11,3,2,2,7,0,19,0,0,0,69,426
642,Allen Watson,-,-,-,1,1999,1999,0,2,2,.500,4.08,14,4,6,0,0,1,39.2,36,18,18,5,22,3,32,1,0,2,173,109
643,David Weathers,-,-,-,3,2002,2004,0,12,12,.500,3.22,180,0,42,0,0,7,198.2,197,82,71,17,91,13,161,11,1,4,871,129
644,Luke Weaver,-,-,F,1,2026,2026,0,2,1,.667,4.41,16,0,2,0,0,0,16.1,13,8,8,2,6,0,16,0,0,0,68,92
645,Hank Webb,S,-,-,5,1972,1976,0,7,9,.438,4.42,48,19,8,3,1,0,161.0,154,87,79,17,90,5,69,4,6,5,719,79
646,Turk Wendell,-,-,-,5,1997,2001,0,22,14,.611,3.34,285,0,65,0,0,10,312.2,259,125,116,33,147,31,259,13,2,4,1328,130
647,David West,S,-,-,2,1988,1989,0,1,2,.333,6.53,13,3,0,0,0,0,30.1,31,22,22,4,17,2,22,1,2,1,137,51
648,Mickey Weston,-,-,F,1,1993,1993,0,0,0,,7.94,4,0,0,0,0,0,5.2,11,5,5,0,1,0,2,1,0,0,30,54
649,Dan Wheeler,-,-,-,2,2003,2004,0,4,4,.500,4.25,67,1,17,0,0,2,101.2,114,52,48,15,34,6,81,1,1,5,447,100
650,Zack Wheeler,S,-,-,5,2013,2019,0,44,38,.537,3.77,126,126,0,1,1,0,749.1,700,341,314,75,270,10,726,29,1,23,3183,100
651,Rick White,-,-,-,2,2000,2001,0,6,8,.429,3.86,77,0,21,0,0,3,98.0,97,52,42,9,29,6,71,4,0,1,426,111
652,Wally Whitehurst,S,-,-,4,1989,1992,0,11,22,.333,3.83,127,32,33,0,0,3,310.0,321,146,132,23,72,10,212,8,5,8,1304,95
653,Adam Wilk,-,-,-,1,2017,2017,0,0,1,.000,12.27,1,1,0,0,0,0,3.2,8,6,5,3,1,0,2,0,0,0,20,37
654,Carl Willey,-,-,F,3,1963,1965,0,10,18,.357,3.29,57,34,13,8,4,0,241.0,216,106,88,31,92,5,128,7,1,14,1020,106
655,Nick Willhite,-,-,F,1,1967,1967,0,0,1,.000,8.64,4,1,0,0,0,0,8.1,9,8,8,1,5,0,9,0,1,2,40,41
656,Charlie Williams,S,-,-,1,1971,1971,0,5,6,.455,4.78,31,9,8,1,0,0,90.1,92,53,48,7,41,8,53,2,0,1,398,71
657,David Williams,-,-,F,2,2006,2007,0,3,2,.600,7.83,8,6,2,0,0,0,33.1,51,29,29,7,9,2,18,2,0,2,155,57
658,Devin Williams,-,-,F,1,2026,2026,0,2,1,.667,5.68,15,0,8,0,0,5,12.2,15,8,8,1,6,0,21,0,0,0,58,72
659,Trevor Williams,-,-,-,2,2021,2022,0,3,5,.375,3.17,40,12,8,0,0,1,122.0,124,48,43,13,32,1,113,5,0,1,513,123
660,Justin Wilson,-,-,-,2,2019,2020,0,6,3,.667,2.91,68,0,11,0,0,4,58.2,51,22,19,5,28,2,67,3,1,7,252,144
661,Paul Wilson,S,-,-,1,1996,1996,0,5,12,.294,5.38,26,26,0,1,0,0,149.0,157,102,89,15,71,11,109,10,3,3,677,75
662,Matt Wise,-,-,F,1,2008,2008,0,0,1,.000,6.43,8,0,5,0,0,0,7.0,10,5,5,2,3,1,6,0,0,0,34,69
663,Billy Wynne,S,-,-,1,1967,1967,0,0,0,,3.12,6,1,3,0,0,0,8.2,12,4,3,0,2,0,4,0,0,0,41,114
664,Jimmy Yacabonis,-,-,F,1,2023,2023,0,2,1,.667,6.59,7,0,2,0,0,0,13.2,14,10,10,2,6,0,11,1,0,0,62,65
665,Jordan Yamamoto,-,-,F,1,2021,2021,0,1,1,.500,4.05,2,1,0,0,0,0,6.2,10,6,3,0,2,0,3,2,0,0,33,104
666,Tyler Yates,S,-,-,1,2004,2004,0,2,4,.333,6.36,21,7,2,0,0,0,46.2,61,36,33,6,25,3,35,3,1,1,228,68
667,Gabriel Ynoa,S,-,-,1,2016,2016,0,1,0,1.000,6.38,10,3,2,0,0,0,18.1,26,13,13,0,7,0,17,1,0,0,88,64
668,Masato Yoshii,S,-,-,2,1998,1999,0,18,16,.529,4.17,60,58,1,2,0,0,345.2,334,165,160,47,111,8,222,12,1,6,1447,104
669,Alex Young,-,-,F,1,2024,2024,0,0,0,,3.29,14,0,7,0,0,0,13.2,11,5,5,2,7,0,13,0,0,0,58,123
670,Anthony Young,S,-,-,3,1991,1993,0,5,35,.125,3.82,101,31,47,2,0,18,270.2,285,148,115,20,85,15,146,3,3,4,1164,98
671,Chris Young,-,-,-,2,2011,2012,0,5,9,.357,3.76,24,24,0,0,0,0,139.0,131,63,58,19,47,5,102,3,0,3,588,101
672,Danny Young,-,-,F,2,2024,2025,0,4,1,.800,4.50,52,0,17,0,0,0,46.0,38,27,23,3,21,1,61,8,0,5,202,89
673,Jared Young,-,-,F,1,2025,2025,0,0,0,,0.00,1,0,1,0,0,0,0.1,1,0,0,0,1,0,0,0,0,0,3,
674,Pat Zachry,-,-,-,6,1977,1982,1,41,46,.471,3.63,135,113,7,20,6,1,741.2,738,347,299,65,300,21,391,15,7,11,3193,99
675,VÃ­ctor Zambrano,-,-,-,3,2004,2006,0,10,14,.417,4.42,39,35,2,0,0,0,201.2,207,110,99,17,94,2,141,15,2,10,907,94
676,Daniel Zamora,S,-,-,2,2018,2019,0,1,1,.500,4.08,33,0,7,0,0,0,17.2,16,8,8,2,8,2,24,2,0,0,77,100
677,Rob Zastryzny,-,-,-,1,2022,2022,0,0,0,,9.00,1,0,0,0,0,0,1.0,1,1,1,0,0,0,1,0,0,0,4,60
678,Todd Zeile,-,-,F,1,2004,2004,0,0,0,,45.00,1,0,1,0,0,0,1.0,4,5,5,0,2,0,0,0,0,0,9,13
679,Tyler Zuber,-,-,-,1,2025,2025,0,0,0,,9.00,1,0,1,0,0,0,2.0,3,2,2,0,0,0,3,0,0,0,9,54
